PlayType_description,Batting_Team_id,Batting_Team_name,Bowling_Team_id,Bowling_Team_name,Innings,Total_Runs_on_delivery,Commentary,Commentary_short,Score,Bowler_id,Bowler_name,Bowler_maiden,Bowler_balls,Bowler_wickets,Bowler_over,Bowler_conceded,Other_Bowler_id,Other_Bowler_name,Other_Bowler_maidens,Other_Bowler_balls,Other_Bowler_wickets,Other_Bowler_overs,Other_Bowler_conceded,Batsman_id,Batsman_name,Batsman_runs,Batsman_balls_faced,Batsman_four,Batsman_sixes,Other_Batsman_id,Other_Batsman_name,Other_Batsman_runs,Other_Batsman_balls_faced,Other_Batsman_four,Other_Batsman_sixes,Over_ball,Over_complete,Over_maiden,Over_no_Ball,Over_wide,Over_byes,Over_leg_byes,Over_number,Over_runs,Over_wickets,Dismissal_is_true,Dismissal_type,Dismissal_fielder_iskeeper,Dismissal_text,Innings_run_rate,Innings_byes,Innings_balls,Innings_no_balls,Innings_wickets,Innings_leg_byes,Innings_session,Innings_day,Innings_wides,Innings_runs
no run,6,India,1,England,1st innings,0,"length ball, pushed across from over the wicket, minimal turn and Dhawan cuts towards point","Rashid to Dhawan, no run",0/0,244497,Adil Rashid,0,1,0,0.1,0,False,False,0,0,0,False,0,28235,Shikhar Dhawan,0,1,0,0,422108,KL Rahul,0,0,0,0,1,False,0,0,0,0,0,1,2,0,False,,False,False,0.0,0,1,0,0,0,1,1,0,0
no run,6,India,1,England,1st innings,0,"googly, slightly dragged down but again Dhawan can only prod it square and the field moves in","Rashid to Dhawan, no run",0/0,244497,Adil Rashid,0,2,0,0.2,0,False,False,0,0,0,False,0,28235,Shikhar Dhawan,0,2,0,0,422108,KL Rahul,0,0,0,0,2,False,0,0,0,0,0,1,2,0,False,,False,False,0.0,0,2,0,0,0,1,1,0,0
run,6,India,1,England,1st innings,1,flat legbreak on the stumps and this is pulled away through midwicket to the leg-side sweeper,"Rashid to Dhawan, 1 run",1/0,244497,Adil Rashid,0,3,0,0.3,1,False,False,0,0,0,False,0,28235,Shikhar Dhawan,1,3,0,0,422108,KL Rahul,0,0,0,0,3,False,0,0,0,0,0,1,2,0,False,,False,False,2.0,0,3,0,0,0,1,1,0,1
no run,6,India,1,England,1st innings,0,"looped out, 84kph on off stump, Rahul leans into a forward block","Rashid to Rahul, no run",1/0,244497,Adil Rashid,0,4,0,0.4,1,False,False,0,0,0,False,0,422108,KL Rahul,0,1,0,0,28235,Shikhar Dhawan,1,3,0,0,4,False,0,0,0,0,0,1,2,0,False,,False,False,1.5,0,4,0,0,0,1,1,0,1
run,6,India,1,England,1st innings,1,"flatter, on the stumps and tickled down to long-on walking out","Rashid to Rahul, 1 run",2/0,244497,Adil Rashid,0,5,0,0.5,2,False,False,0,0,0,False,0,422108,KL Rahul,1,2,0,0,28235,Shikhar Dhawan,1,3,0,0,5,False,0,0,0,0,0,1,2,0,False,,False,False,2.4,0,5,0,0,0,1,1,0,2
no run,6,India,1,England,1st innings,0,"nicely bowled, this dips and grips as Dhawan swishes out in front and gets a thick edge towards backward square leg","Rashid to Dhawan, no run",2/0,244497,Adil Rashid,0,6,0,1.0,2,False,False,0,0,0,False,0,28235,Shikhar Dhawan,1,4,0,0,422108,KL Rahul,1,2,0,0,6,True,0,0,0,0,0,1,2,0,False,,False,False,2.0,0,6,0,0,0,1,1,0,2
no run,6,India,1,England,1st innings,0,"back of a length outside off, Rahul is across and rides the bounce, punches to point","Archer to Rahul, no run",2/0,669855,Jofra Archer,0,1,0,0.1,0,244497,Adil Rashid,0,6,0,1.0,2,422108,KL Rahul,1,3,0,0,28235,Shikhar Dhawan,1,4,0,0,1,False,1,0,0,0,0,2,0,1,False,,False,False,1.71,0,7,0,0,0,1,1,0,2
out,6,India,1,England,1st innings,0,"<b>dragged on!</b> Pitched up in the channel, 141kph and Rahul prods tamely, diverts the ball into his pegs! Immediate success for Archer, and India are one down early doors. Full and he felt for it, only to get a thick inside edge into middle stump","Archer to Rahul, OUT",2/1,669855,Jofra Archer,0,2,1,0.2,0,244497,Adil Rashid,0,6,0,1.0,2,422108,KL Rahul,1,4,0,0,28235,Shikhar Dhawan,1,4,0,0,2,False,1,0,0,0,0,2,0,1,True,bowled,False,KL Rahul  b Archer 1 (5m 4b 0x4 0x6) SR: 25.00,1.5,0,8,0,1,0,1,1,0,2
no run,6,India,1,England,1st innings,0,"shortish and straight, defended down to the on side","Archer to Kohli, no run",2/1,669855,Jofra Archer,0,3,1,0.3,0,244497,Adil Rashid,0,6,0,1.0,2,253802,Virat Kohli,0,1,0,0,28235,Shikhar Dhawan,1,4,0,0,3,False,1,0,0,0,0,2,0,1,False,,False,False,1.33,0,9,0,1,0,1,1,0,2
no run,6,India,1,England,1st innings,0,"length outside off, 140kph and Kohli moves into line, dabs down towards backward point","Archer to Kohli, no run",2/1,669855,Jofra Archer,0,4,1,0.4,0,244497,Adil Rashid,0,6,0,1.0,2,253802,Virat Kohli,0,2,0,0,28235,Shikhar Dhawan,1,4,0,0,4,False,1,0,0,0,0,2,0,1,False,,False,False,1.2,0,10,0,1,0,1,1,0,2
no run,6,India,1,England,1st innings,0,extra bounce! 132kph but it kicks and plants one on Kohli's top glove as he looks to defend coming across,"Archer to Kohli, no run",2/1,669855,Jofra Archer,0,5,1,0.5,0,244497,Adil Rashid,0,6,0,1.0,2,253802,Virat Kohli,0,3,0,0,28235,Shikhar Dhawan,1,4,0,0,5,False,1,0,0,0,0,2,0,1,False,,False,False,1.09,0,11,0,1,0,1,1,0,2
no run,6,India,1,England,1st innings,0,"clears the front leg, Archer angles it in at 141kph, miscued on to his thigh pad. Kohli practises the straight loft down the ground he was aiming for afterwards","Archer to Kohli, no run",2/1,669855,Jofra Archer,1,6,1,1.0,0,244497,Adil Rashid,0,6,0,1.0,2,253802,Virat Kohli,0,4,0,0,28235,Shikhar Dhawan,1,4,0,0,6,True,1,0,0,0,0,2,0,1,False,,False,False,1.0,0,12,0,1,0,1,1,0,2
no run,6,India,1,England,1st innings,0,"lobbed up straight, Dhawan shuffles across and looks to sweep, picks out short fine leg","Rashid to Dhawan, no run",2/1,244497,Adil Rashid,0,7,0,1.1,2,669855,Jofra Archer,1,6,1,1.0,0,28235,Shikhar Dhawan,1,5,0,0,253802,Virat Kohli,0,4,0,0,1,False,0,0,0,0,0,3,5,1,False,,False,False,0.92,0,13,0,1,0,1,1,0,2
run,6,India,1,England,1st innings,1,"flighted, full and swept into a gap square for one","Rashid to Dhawan, 1 run",3/1,244497,Adil Rashid,0,8,0,1.2,3,669855,Jofra Archer,1,6,1,1.0,0,28235,Shikhar Dhawan,2,6,0,0,253802,Virat Kohli,0,4,0,0,2,False,0,0,0,0,0,3,5,1,False,,False,False,1.28,0,14,0,1,0,1,1,0,3
out,6,India,1,England,1st innings,0,"<b>slapped uppishly but straight to mid-off!</b> Kohli backs away and looks to muscle over the ring, picks out Chris Jordan! He's gone without scoring, and India are on special offer here - 3 for 2. Rashid gallops off in celebration, England making the perfect start","Rashid to Kohli, OUT",3/2,244497,Adil Rashid,0,9,1,1.3,3,669855,Jofra Archer,1,6,1,1.0,0,253802,Virat Kohli,0,5,0,0,28235,Shikhar Dhawan,2,6,0,0,3,False,0,0,0,0,0,3,5,1,True,caught,False,V Kohli c Jordan b Rashid 0 (6m 5b 0x4 0x6) SR: 0.00,1.2,0,15,0,2,0,1,1,0,3
no run,6,India,1,England,1st innings,0,looped up on off stump and pushed towards mid-off,"Rashid to Pant, no run",3/2,244497,Adil Rashid,0,10,1,1.4,3,669855,Jofra Archer,1,6,1,1.0,0,931581,Rishabh Pant,0,1,0,0,28235,Shikhar Dhawan,2,6,0,0,4,False,0,0,0,0,0,3,5,1,False,,False,False,1.12,0,16,0,2,0,1,1,0,3
no run,6,India,1,England,1st innings,0,"pushed through and he comes across, taps the ball back","Rashid to Pant, no run",3/2,244497,Adil Rashid,0,11,1,1.5,3,669855,Jofra Archer,1,6,1,1.0,0,931581,Rishabh Pant,0,2,0,0,28235,Shikhar Dhawan,2,6,0,0,5,False,0,0,0,0,0,3,5,1,False,,False,False,1.05,0,17,0,2,0,1,1,0,3
four,6,India,1,England,1st innings,4,"<b>slightly wide and carved past point for the first boundary!</b> Quicksilver hands from Pant, who steps deep and then <i>hammers</i> the ball through the ring. That'll help Indian nerves","Rashid to Pant, FOUR runs",7/2,244497,Adil Rashid,0,12,1,2.0,7,669855,Jofra Archer,1,6,1,1.0,0,931581,Rishabh Pant,4,3,1,0,28235,Shikhar Dhawan,2,6,0,0,6,True,0,0,0,0,0,3,5,1,False,,False,False,2.33,0,18,0,2,0,1,1,0,7
run,6,India,1,England,1st innings,1,shortish and patted down on the back foot for one,"Archer to Dhawan, 1 run",8/2,669855,Jofra Archer,1,7,1,1.1,1,244497,Adil Rashid,0,12,1,2.0,7,28235,Shikhar Dhawan,3,7,0,0,931581,Rishabh Pant,4,3,1,0,1,False,0,0,0,0,0,4,11,0,False,,False,False,2.52,0,19,0,2,0,1,1,0,8
no run,6,India,1,England,1st innings,0,dug in short 137kph and Pant is tucked up defending in front of the stumps,"Archer to Pant, no run",8/2,669855,Jofra Archer,1,8,1,1.2,1,244497,Adil Rashid,0,12,1,2.0,7,931581,Rishabh Pant,4,4,1,0,28235,Shikhar Dhawan,3,7,0,0,2,False,0,0,0,0,0,4,11,0,False,,False,False,2.4,0,20,0,2,0,1,1,0,8
no run,6,India,1,England,1st innings,0,"back of a length, 141kph, wicket-to-wicket and clipped towards square leg","Archer to Pant, no run",8/2,669855,Jofra Archer,1,9,1,1.3,1,244497,Adil Rashid,0,12,1,2.0,7,931581,Rishabh Pant,4,5,1,0,28235,Shikhar Dhawan,3,7,0,0,3,False,0,0,0,0,0,4,11,0,False,,False,False,2.28,0,21,0,2,0,1,1,0,8
no run,6,India,1,England,1st innings,0,"tight lines, Archer still getting good carry from his preferred length, Pant stays watchful in defence","Archer to Pant, no run",8/2,669855,Jofra Archer,1,10,1,1.4,1,244497,Adil Rashid,0,12,1,2.0,7,931581,Rishabh Pant,4,6,1,0,28235,Shikhar Dhawan,3,7,0,0,4,False,0,0,0,0,0,4,11,0,False,,False,False,2.18,0,22,0,2,0,1,1,0,8
six,6,India,1,England,1st innings,6,"<b>monstrous from Pant! Reverse-scooped for six!</b> Here's a taste of what James Anderson got during the Test series... Pant waltzing across and using the pace on the ball, trampolines all the way down towards third man!","Archer to Pant, SIX runs",14/2,669855,Jofra Archer,1,11,1,1.5,7,244497,Adil Rashid,0,12,1,2.0,7,931581,Rishabh Pant,10,7,1,1,28235,Shikhar Dhawan,3,7,0,0,5,False,0,0,0,0,0,4,11,0,False,,False,False,3.65,0,23,0,2,0,1,1,0,14
four,6,India,1,England,1st innings,4,"<b>fired in at 149kph, skelped through backward square leg!</b> On the pads and he fetches another boundary... Ten from two balls for Pant, and that's got the home crowd jumping","Archer to Pant, FOUR runs",18/2,669855,Jofra Archer,1,12,1,2.0,11,244497,Adil Rashid,0,12,1,2.0,7,931581,Rishabh Pant,14,8,2,1,28235,Shikhar Dhawan,3,7,0,0,6,True,0,0,0,0,0,4,11,0,False,,False,False,4.5,0,24,0,2,0,1,1,0,18
no run,6,India,1,England,1st innings,0,"round the wicket, full and wide and searing through past Dhawan's flat-footed slash","Wood to Dhawan, no run",18/2,351588,Mark Wood,0,1,0,0.1,0,669855,Jofra Archer,1,12,1,2.0,11,28235,Shikhar Dhawan,3,8,0,0,931581,Rishabh Pant,14,8,2,1,1,False,0,0,0,0,0,5,2,1,False,,False,False,4.32,0,25,0,2,0,1,1,0,18
no run,6,India,1,England,1st innings,0,"shorter length, <b>150kph from Wood</b>, fired in straight and jabbed down to the off side","Wood to Dhawan, no run",18/2,351588,Mark Wood,0,2,0,0.2,0,669855,Jofra Archer,1,12,1,2.0,11,28235,Shikhar Dhawan,3,9,0,0,931581,Rishabh Pant,14,8,2,1,2,False,0,0,0,0,0,5,2,1,False,,False,False,4.15,0,26,0,2,0,1,1,0,18
run,6,India,1,England,1st innings,1,"<b>152kph now</b>, calmly nudged off the body, Stokes slips on the greasy surface running in to field","Wood to Dhawan, 1 run",19/2,351588,Mark Wood,0,3,0,0.3,1,669855,Jofra Archer,1,12,1,2.0,11,28235,Shikhar Dhawan,4,10,0,0,931581,Rishabh Pant,14,8,2,1,3,False,0,0,0,0,0,5,2,1,False,,False,False,4.22,0,27,0,2,0,1,1,0,19
run,6,India,1,England,1st innings,1,"sliding in, Pant taps this down for another single","Wood to Pant, 1 run",20/2,351588,Mark Wood,0,4,0,0.4,2,669855,Jofra Archer,1,12,1,2.0,11,931581,Rishabh Pant,15,9,2,1,28235,Shikhar Dhawan,4,10,0,0,4,False,0,0,0,0,0,5,2,1,False,,False,False,4.28,0,28,0,2,0,1,1,0,20
no run,6,India,1,England,1st innings,0,"short ball, <b>148kph bouncer and Dhawan flinches out of the way</b>, thought about pulling but then twigged that it was getting too big","Wood to Dhawan, no run",20/2,351588,Mark Wood,0,5,0,0.5,2,669855,Jofra Archer,1,12,1,2.0,11,28235,Shikhar Dhawan,4,11,0,0,931581,Rishabh Pant,15,9,2,1,5,False,0,0,0,0,0,5,2,1,False,,False,False,4.13,0,29,0,2,0,1,1,0,20
out,6,India,1,England,1st innings,0,"<b>timbeeeeeerrrrrrrrr!</b> Wood hits the sticks and India are three down! Fast, 148kph, and flashing through on a length to tickle the leg bail as Dhawan aims an ugly hoick across the line... Wood strikes in his opening over, and India are coming and going with indecent haste","Wood to Dhawan, OUT",20/3,351588,Mark Wood,0,6,1,1.0,2,669855,Jofra Archer,1,12,1,2.0,11,28235,Shikhar Dhawan,4,12,0,0,931581,Rishabh Pant,15,9,2,1,6,True,0,0,0,0,0,5,2,1,True,bowled,False,S Dhawan  b Wood 4 (23m 12b 0x4 0x6) SR: 33.33,4.0,0,30,0,3,0,1,1,0,20
no run,6,India,1,England,1st innings,0,"Shortish and outside off, punched to cover-point off the back foot","Jordan to Pant, no run",20/3,288992,Chris Jordan,0,1,0,0.1,0,351588,Mark Wood,0,6,1,1.0,2,931581,Rishabh Pant,15,10,2,1,642519,Shreyas Iyer,0,0,0,0,1,False,0,0,0,0,0,6,2,0,False,,False,False,3.87,0,31,0,3,0,1,1,0,20
no run,6,India,1,England,1st innings,0,"Pitched further up on off, Pant can't quite get underneath the length, scooped to mid-off off the toe end","Jordan to Pant, no run",20/3,288992,Chris Jordan,0,2,0,0.2,0,351588,Mark Wood,0,6,1,1.0,2,931581,Rishabh Pant,15,11,2,1,642519,Shreyas Iyer,0,0,0,0,2,False,0,0,0,0,0,6,2,0,False,,False,False,3.75,0,32,0,3,0,1,1,0,20
run,6,India,1,England,1st innings,1,"short, wide, carved away to deep third man","Jordan to Pant, 1 run",21/3,288992,Chris Jordan,0,3,0,0.3,1,351588,Mark Wood,0,6,1,1.0,2,931581,Rishabh Pant,16,12,2,1,642519,Shreyas Iyer,0,0,0,0,3,False,0,0,0,0,0,6,2,0,False,,False,False,3.81,0,33,0,3,0,1,1,0,21
no run,6,India,1,England,1st innings,0,"back of a length and largely holds its line outside off, Iyer responds with a solid back-foot drive up to cover","Jordan to Iyer, no run",21/3,288992,Chris Jordan,0,4,0,0.4,1,351588,Mark Wood,0,6,1,1.0,2,642519,Shreyas Iyer,0,1,0,0,931581,Rishabh Pant,16,12,2,1,4,False,0,0,0,0,0,6,2,0,False,,False,False,3.7,0,34,0,3,0,1,1,0,21
no run,6,India,1,England,1st innings,0,"good length and on off stump, sticks up in the pitch and stops on the batsman. <strong>Iyer checks his drive and spoons it in front of cover now</strong>","Jordan to Iyer, no run",21/3,288992,Chris Jordan,0,5,0,0.5,1,351588,Mark Wood,0,6,1,1.0,2,642519,Shreyas Iyer,0,2,0,0,931581,Rishabh Pant,16,12,2,1,5,False,0,0,0,0,0,6,2,0,False,,False,False,3.6,0,35,0,3,0,1,1,0,21
run,6,India,1,England,1st innings,1,Iye rides the bounce of this short delivery outside off and finds a single to deep third man,"Jordan to Iyer, 1 run",22/3,288992,Chris Jordan,0,6,0,1.0,2,351588,Mark Wood,0,6,1,1.0,2,642519,Shreyas Iyer,1,3,0,0,931581,Rishabh Pant,16,12,2,1,6,True,0,0,0,0,0,6,2,0,False,,False,False,3.66,0,36,0,3,0,1,1,0,22
run,6,India,1,England,1st innings,1,"dug in short and outside off, 149ks, run down to third man. <strong>Wheels from Wood</strong>","Wood to Iyer, 1 run",23/3,351588,Mark Wood,0,7,1,1.1,3,288992,Chris Jordan,0,6,0,1.0,2,642519,Shreyas Iyer,2,4,0,0,931581,Rishabh Pant,16,12,2,1,1,False,0,0,0,0,0,7,7,0,False,,False,False,3.72,0,37,0,3,0,1,1,0,23
run,6,India,1,England,1st innings,1,"back of a length on off, jabbed to mid-on. <strong>Wood has cranked it up to 150ks once again</strong>","Wood to Pant, 1 run",24/3,351588,Mark Wood,0,8,1,1.2,4,288992,Chris Jordan,0,6,0,1.0,2,931581,Rishabh Pant,17,13,2,1,642519,Shreyas Iyer,2,4,0,0,2,False,0,0,0,0,0,7,7,0,False,,False,False,3.78,0,38,0,3,0,1,1,0,24
no run,6,India,1,England,1st innings,0,"back of a length and skidding in to off stump, 149.1ks, squirted to point","Wood to Iyer, no run",24/3,351588,Mark Wood,0,9,1,1.3,4,288992,Chris Jordan,0,6,0,1.0,2,642519,Shreyas Iyer,2,5,0,0,931581,Rishabh Pant,17,13,2,1,3,False,0,0,0,0,0,7,7,0,False,,False,False,3.69,0,39,0,3,0,1,1,0,24
four,6,India,1,England,1st innings,4,"short and on the hips, 146ks,<strong> Wood's extra pace works against him this time</strong>. Fine leg is squarer, and Iyer helps it away to the right of that outfielder","Wood to Iyer, FOUR runs",28/3,351588,Mark Wood,0,10,1,1.4,8,288992,Chris Jordan,0,6,0,1.0,2,642519,Shreyas Iyer,6,6,1,0,931581,Rishabh Pant,17,13,2,1,4,False,0,0,0,0,0,7,7,0,False,,False,False,4.2,0,40,0,3,0,1,1,0,28
run,6,India,1,England,1st innings,1,"<strong>149ks, scythed in the air.</strong>...but doesn't carry to Rashid at deep third man. Slashed on the bounce to that outfielder","Wood to Iyer, 1 run",29/3,351588,Mark Wood,0,11,1,1.5,9,288992,Chris Jordan,0,6,0,1.0,2,642519,Shreyas Iyer,7,7,1,0,931581,Rishabh Pant,17,13,2,1,5,False,0,0,0,0,0,7,7,0,False,,False,False,4.24,0,41,0,3,0,1,1,0,29
no run,6,India,1,England,1st innings,0,"short and slanting into off stump, 145.2ks, <strong>Wood has Pant hopping, skipping, and stabbing into the covers</strong>","Wood to Pant, no run",29/3,351588,Mark Wood,0,12,1,2.0,9,288992,Chris Jordan,0,6,0,1.0,2,931581,Rishabh Pant,17,14,2,1,642519,Shreyas Iyer,7,7,1,0,6,True,0,0,0,0,0,7,7,0,False,,False,False,4.14,0,42,0,3,0,1,1,0,29
run,6,India,1,England,1st innings,1,"pitched up on the stumps, driven off the front foot to the left of mid-on","Stokes to Iyer, 1 run",30/3,311158,Ben Stokes,0,1,0,0.1,1,351588,Mark Wood,0,12,1,2.0,9,642519,Shreyas Iyer,8,8,1,0,931581,Rishabh Pant,17,14,2,1,1,False,0,0,0,0,0,8,5,0,False,,False,False,4.18,0,43,0,3,0,1,1,0,30
run,6,India,1,England,1st innings,1,full and picked off the pads to Wood at deep fine leg. He runs in and hunts down the ball,"Stokes to Pant, 1 run",31/3,311158,Ben Stokes,0,2,0,0.2,2,351588,Mark Wood,0,12,1,2.0,9,931581,Rishabh Pant,18,15,2,1,642519,Shreyas Iyer,8,8,1,0,2,False,0,0,0,0,0,8,5,0,False,,False,False,4.22,0,44,0,3,0,1,1,0,31
run,6,India,1,England,1st innings,1,Stokes draws a leading edge as Iyer closes the bat-face early and ends up chipping the ball away to the off-side sweeper,"Stokes to Iyer, 1 run",32/3,311158,Ben Stokes,0,3,0,0.3,3,351588,Mark Wood,0,12,1,2.0,9,642519,Shreyas Iyer,9,9,1,0,931581,Rishabh Pant,18,15,2,1,3,False,0,0,0,0,0,8,5,0,False,,False,False,4.26,0,45,0,3,0,1,1,0,32
no run,6,India,1,England,1st innings,0,"full and straight, patted to mid-on off the front foot","Stokes to Pant, no run",32/3,311158,Ben Stokes,0,4,0,0.4,3,351588,Mark Wood,0,12,1,2.0,9,931581,Rishabh Pant,18,16,2,1,642519,Shreyas Iyer,9,9,1,0,4,False,0,0,0,0,0,8,5,0,False,,False,False,4.17,0,46,0,3,0,1,1,0,32
run,6,India,1,England,1st innings,1,"slower-ball cutter on the stumps, dinked into the leg side for one. Pant takes on Curran's arm for a single","Stokes to Pant, 1 run",33/3,311158,Ben Stokes,0,5,0,0.5,4,351588,Mark Wood,0,12,1,2.0,9,931581,Rishabh Pant,19,17,2,1,642519,Shreyas Iyer,9,9,1,0,5,False,0,0,0,0,0,8,5,0,False,,False,False,4.21,0,47,0,3,0,1,1,0,33
run,6,India,1,England,1st innings,1,"full and slanting into middle and leg, Iyer props forward and taps a single down to long-on","Stokes to Iyer, 1 run",34/3,311158,Ben Stokes,0,6,0,1.0,5,351588,Mark Wood,0,12,1,2.0,9,642519,Shreyas Iyer,10,10,1,0,931581,Rishabh Pant,19,17,2,1,6,True,0,0,0,0,0,8,5,0,False,,False,False,4.25,0,48,0,3,0,1,1,0,34
no run,6,India,1,England,1st innings,0,"Curran begins with a 129ks cutter, doesn't come onto the bat, inside-edged back to the bowler","Curran to Iyer, no run",34/3,662973,Sam Curran,0,1,0,0.1,0,311158,Ben Stokes,0,6,0,1.0,5,642519,Shreyas Iyer,10,11,1,0,931581,Rishabh Pant,19,17,2,1,1,False,0,0,0,0,0,9,6,0,False,,False,False,4.16,0,49,0,3,0,1,1,0,34
run,6,India,1,England,1st innings,1,"Curran goes wide of the crease and gets this to skid in towards middle, Iyer hangs back and nurdles it through square leg","Curran to Iyer, 1 run",35/3,662973,Sam Curran,0,2,0,0.2,1,311158,Ben Stokes,0,6,0,1.0,5,642519,Shreyas Iyer,11,12,1,0,931581,Rishabh Pant,19,17,2,1,2,False,0,0,0,0,0,9,6,0,False,,False,False,4.2,0,50,0,3,0,1,1,0,35
no run,6,India,1,England,1st innings,0,"full on the stumps, whisked away to mid-on off the front foot","Curran to Pant, no run",35/3,662973,Sam Curran,0,3,0,0.3,1,311158,Ben Stokes,0,6,0,1.0,5,931581,Rishabh Pant,19,18,2,1,642519,Shreyas Iyer,11,12,1,0,3,False,0,0,0,0,0,9,6,0,False,,False,False,4.11,0,51,0,3,0,1,1,0,35
no run,6,India,1,England,1st innings,0,slower-ball bouncer from Curran. Pant ducks under it and lets it go to the keeper,"Curran to Pant, no run",35/3,662973,Sam Curran,0,4,0,0.4,1,311158,Ben Stokes,0,6,0,1.0,5,931581,Rishabh Pant,19,19,2,1,642519,Shreyas Iyer,11,12,1,0,4,False,0,0,0,0,0,9,6,0,False,,False,False,4.03,0,52,0,3,0,1,1,0,35
run,6,India,1,England,1st innings,1,"offcutter, drifting into the pads, 121ks, Pant delays his clip and gets a single to fine leg","Curran to Pant, 1 run",36/3,662973,Sam Curran,0,5,0,0.5,2,311158,Ben Stokes,0,6,0,1.0,5,931581,Rishabh Pant,20,20,2,1,642519,Shreyas Iyer,11,12,1,0,5,False,0,0,0,0,0,9,6,0,False,,False,False,4.07,0,53,0,3,0,1,1,0,36
four,6,India,1,England,1st innings,4,"Curran ventures wide of the crease, offers up pace, and gives up four. Glanced off the hips to the left of the keeper for four","Curran to Iyer, FOUR runs",40/3,662973,Sam Curran,0,6,0,1.0,6,311158,Ben Stokes,0,6,0,1.0,5,642519,Shreyas Iyer,15,13,2,0,931581,Rishabh Pant,20,20,2,1,6,True,0,0,0,0,0,9,6,0,False,,False,False,4.44,0,54,0,3,0,1,1,0,40
no run,6,India,1,England,1st innings,0,"back-of-a-length slower ball, 106ks, Pant slogs way too early and edges it to the leg side. Split-finger variation from Stokes","Stokes to Pant, no run",40/3,311158,Ben Stokes,0,7,0,1.1,5,662973,Sam Curran,0,6,0,1.0,6,931581,Rishabh Pant,20,21,2,1,642519,Shreyas Iyer,15,13,2,0,1,False,0,0,0,0,0,10,8,1,False,,False,False,4.36,0,55,0,3,0,1,1,0,40
run,6,India,1,England,1st innings,1,"seam-up length delivery, picked off the pads to deep midwicket","Stokes to Pant, 1 run",41/3,311158,Ben Stokes,0,8,0,1.2,6,662973,Sam Curran,0,6,0,1.0,6,931581,Rishabh Pant,21,22,2,1,642519,Shreyas Iyer,15,13,2,0,2,False,0,0,0,0,0,10,8,1,False,,False,False,4.39,0,56,0,3,0,1,1,0,41
four,6,India,1,England,1st innings,4,"Iyer pierces the gap once again! He stands up tall, rides the bounce of this shorter delivery outside off, and glides it away behind point. He beats third man to his right and finds the fence","Stokes to Iyer, FOUR runs",45/3,311158,Ben Stokes,0,9,0,1.3,10,662973,Sam Curran,0,6,0,1.0,6,642519,Shreyas Iyer,19,14,3,0,931581,Rishabh Pant,21,22,2,1,3,False,0,0,0,0,0,10,8,1,False,,False,False,4.73,0,57,0,3,0,1,1,0,45
run,6,India,1,England,1st innings,2,"slower ball on middle and leg, knocked away through square leg and that results in a double","Stokes to Iyer, 2 runs",47/3,311158,Ben Stokes,0,10,0,1.4,12,662973,Sam Curran,0,6,0,1.0,6,642519,Shreyas Iyer,21,15,3,0,931581,Rishabh Pant,21,22,2,1,4,False,0,0,0,0,0,10,8,1,False,,False,False,4.86,0,58,0,3,0,1,1,0,47
run,6,India,1,England,1st innings,1,"back of a length and outside off, serenely punched out to sweeper cover","Stokes to Iyer, 1 run",48/3,311158,Ben Stokes,0,11,0,1.5,13,662973,Sam Curran,0,6,0,1.0,6,642519,Shreyas Iyer,22,16,3,0,931581,Rishabh Pant,21,22,2,1,5,False,0,0,0,0,0,10,8,1,False,,False,False,4.88,0,59,0,3,0,1,1,0,48
out,6,India,1,England,1st innings,0,"<strong>picked up...and whipped into the lap of YJB at deep square leg</strong>. Pitched up and veering into the pads, it was in the slot, but Pant can't clear the bigger boundary. India slip further to 48 for 4. England's change bowlers are piling up the pressure on the hosts","Stokes to Pant, OUT",48/4,311158,Ben Stokes,0,12,1,2.0,13,662973,Sam Curran,0,6,0,1.0,6,931581,Rishabh Pant,21,23,2,1,642519,Shreyas Iyer,22,16,3,0,6,True,0,0,0,0,0,10,8,1,True,caught,False,RR Pant c Bairstow b Stokes 21 (34m 23b 2x4 1x6) SR: 91.30,4.8,0,60,0,4,0,1,1,0,48
no run,6,India,1,England,1st innings,0,"pushed through on middle and leg, worked to the left of short midwicket","Rashid to Iyer, no run",48/4,244497,Adil Rashid,0,13,1,2.1,7,311158,Ben Stokes,0,12,1,2.0,13,642519,Shreyas Iyer,22,17,3,0,625371,Hardik Pandya,0,0,0,0,1,False,0,0,0,0,0,11,7,0,False,,False,False,4.72,0,61,0,4,0,1,1,0,48
run,6,India,1,England,1st innings,2,Iyer clears his front leg and swipes it away to the right of short midwicket,"Rashid to Iyer, 2 runs",50/4,244497,Adil Rashid,0,14,1,2.2,9,311158,Ben Stokes,0,12,1,2.0,13,642519,Shreyas Iyer,24,18,3,0,625371,Hardik Pandya,0,0,0,0,2,False,0,0,0,0,0,11,7,0,False,,False,False,4.83,0,62,0,4,0,1,1,0,50
no run,6,India,1,England,1st innings,0,"shorter and breaks away outside off, Iyer leans back and chops to short third man","Rashid to Iyer, no run",50/4,244497,Adil Rashid,0,15,1,2.3,9,311158,Ben Stokes,0,12,1,2.0,13,642519,Shreyas Iyer,24,19,3,0,625371,Hardik Pandya,0,0,0,0,3,False,0,0,0,0,0,11,7,0,False,,False,False,4.76,0,63,0,4,0,1,1,0,50
four,6,India,1,England,1st innings,4,"tossed up slower and higher outside off, Iyer stretches out and <b>caresses it away to the right of sweeper cover</b>. Gorgeous drive","Rashid to Iyer, FOUR runs",54/4,244497,Adil Rashid,0,16,1,2.4,13,311158,Ben Stokes,0,12,1,2.0,13,642519,Shreyas Iyer,28,20,4,0,625371,Hardik Pandya,0,0,0,0,4,False,0,0,0,0,0,11,7,0,False,,False,False,5.06,0,64,0,4,0,1,1,0,54
run,6,India,1,England,1st innings,1,"shorter and quicker, forced down to long-off","Rashid to Iyer, 1 run",55/4,244497,Adil Rashid,0,17,1,2.5,14,311158,Ben Stokes,0,12,1,2.0,13,642519,Shreyas Iyer,29,21,4,0,625371,Hardik Pandya,0,0,0,0,5,False,0,0,0,0,0,11,7,0,False,,False,False,5.07,0,65,0,4,0,1,1,0,55
no run,6,India,1,England,1st innings,0,"dangled up outside off and breaks away, forward and pushed to short cover","Rashid to Pandya, no run",55/4,244497,Adil Rashid,0,18,1,3.0,14,311158,Ben Stokes,0,12,1,2.0,13,625371,Hardik Pandya,0,1,0,0,642519,Shreyas Iyer,29,21,4,0,6,True,0,0,0,0,0,11,7,0,False,,False,False,5.0,0,66,0,4,0,1,1,0,55
run,6,India,1,England,1st innings,1,"banged in short and outside off, 144.2ks, a jabbing punch to mid-off gets Iyer off strike","Wood to Iyer, 1 run",56/4,351588,Mark Wood,0,13,1,2.1,10,244497,Adil Rashid,0,18,1,3.0,14,642519,Shreyas Iyer,30,22,4,0,625371,Hardik Pandya,0,1,0,0,1,False,0,0,0,0,0,12,3,0,False,,False,False,5.01,0,67,0,4,0,1,1,0,56
no run,6,India,1,England,1st innings,0,"back of a length and outside off, 146ks, punched back down the pitch to mid-on","Wood to Pandya, no run",56/4,351588,Mark Wood,0,14,1,2.2,10,244497,Adil Rashid,0,18,1,3.0,14,625371,Hardik Pandya,0,2,0,0,642519,Shreyas Iyer,30,22,4,0,2,False,0,0,0,0,0,12,3,0,False,,False,False,4.94,0,68,0,4,0,1,1,0,56
run,6,India,1,England,1st innings,1,"Wood hits the hard length once again, the line is outside off, run away behind point","Wood to Pandya, 1 run",57/4,351588,Mark Wood,0,15,1,2.3,11,244497,Adil Rashid,0,18,1,3.0,14,625371,Hardik Pandya,1,3,0,0,642519,Shreyas Iyer,30,22,4,0,3,False,0,0,0,0,0,12,3,0,False,,False,False,4.95,0,69,0,4,0,1,1,0,57
run,6,India,1,England,1st innings,1,"short and outside off, slapped back, 148ks from Wood. Roy makes a tumbling half-save at point","Wood to Iyer, 1 run",58/4,351588,Mark Wood,0,16,1,2.4,12,244497,Adil Rashid,0,18,1,3.0,14,642519,Shreyas Iyer,31,23,4,0,625371,Hardik Pandya,1,3,0,0,4,False,0,0,0,0,0,12,3,0,False,,False,False,4.97,0,70,0,4,0,1,1,0,58
no run,6,India,1,England,1st innings,0,cracker from Wood! <strong>Kicks up further from a short of a length at 146ks</strong> and seams away outside off. Pandya has a jab at it before tucking his bat inside the line. Pandya has a wry smile,"Wood to Pandya, no run",58/4,351588,Mark Wood,0,17,1,2.5,12,244497,Adil Rashid,0,18,1,3.0,14,625371,Hardik Pandya,1,4,0,0,642519,Shreyas Iyer,31,23,4,0,5,False,0,0,0,0,0,12,3,0,False,,False,False,4.9,0,71,0,4,0,1,1,0,58
no run,6,India,1,England,1st innings,0,"Wood slams that hard length once again, closer to off, which means Pandya is cramped for room. Stabbed into the covers. Such rapid pace takes the pitch out of equation","Wood to Pandya, no run",58/4,351588,Mark Wood,0,18,1,3.0,12,244497,Adil Rashid,0,18,1,3.0,14,625371,Hardik Pandya,1,5,0,0,642519,Shreyas Iyer,31,23,4,0,6,True,0,0,0,0,0,12,3,0,False,,False,False,4.83,0,72,0,4,0,1,1,0,58
run,6,India,1,England,1st innings,1,"fullish and outside off, driven through the line to mid-off hanging back","Jordan to Iyer, 1 run",59/4,288992,Chris Jordan,0,7,0,1.1,3,351588,Mark Wood,0,18,1,3.0,12,642519,Shreyas Iyer,32,24,4,0,625371,Hardik Pandya,1,5,0,0,1,False,0,0,0,0,0,13,5,0,False,,False,False,4.84,0,73,0,4,0,1,1,0,59
run,6,India,1,England,1st innings,1,"<strong>Jordan now hits that splice-jarring length</strong>, Pandya manages to jab a single through cover-point","Jordan to Pandya, 1 run",60/4,288992,Chris Jordan,0,8,0,1.2,4,351588,Mark Wood,0,18,1,3.0,12,625371,Hardik Pandya,2,6,0,0,642519,Shreyas Iyer,32,24,4,0,2,False,0,0,0,0,0,13,5,0,False,,False,False,4.86,0,74,0,4,0,1,1,0,60
run,6,India,1,England,1st innings,1,"short and outside off, 141ks, flayed to the right of deep third man","Jordan to Iyer, 1 run",61/4,288992,Chris Jordan,0,9,0,1.3,5,351588,Mark Wood,0,18,1,3.0,12,642519,Shreyas Iyer,33,25,4,0,625371,Hardik Pandya,2,6,0,0,3,False,0,0,0,0,0,13,5,0,False,,False,False,4.88,0,75,0,4,0,1,1,0,61
run,6,India,1,England,1st innings,1,"banged in short at the body, Jordan pushes Pandya back, dinked into the covers","Jordan to Pandya, 1 run",62/4,288992,Chris Jordan,0,10,0,1.4,6,351588,Mark Wood,0,18,1,3.0,12,625371,Hardik Pandya,3,7,0,0,642519,Shreyas Iyer,33,25,4,0,4,False,0,0,0,0,0,13,5,0,False,,False,False,4.89,0,76,0,4,0,1,1,0,62
no run,6,India,1,England,1st innings,0,"<strong>short and springs off the surface,146ks,</strong> Iyer swishes and misses outside off","Jordan to Iyer, no run",62/4,288992,Chris Jordan,0,11,0,1.5,6,351588,Mark Wood,0,18,1,3.0,12,642519,Shreyas Iyer,33,26,4,0,625371,Hardik Pandya,3,7,0,0,5,False,0,0,0,0,0,13,5,0,False,,False,False,4.83,0,77,0,4,0,1,1,0,62
run,6,India,1,England,1st innings,1,Iyer rides the bounce of this 137ks short ball outside off and glides a single to the right of deep third man,"Jordan to Iyer, 1 run",63/4,288992,Chris Jordan,0,12,0,2.0,7,351588,Mark Wood,0,18,1,3.0,12,642519,Shreyas Iyer,34,27,4,0,625371,Hardik Pandya,3,7,0,0,6,True,0,0,0,0,0,13,5,0,False,,False,False,4.84,0,78,0,4,0,1,1,0,63
no run,6,India,1,England,1st innings,0,"lifter outside off from wide of the crease, 148.1ks, Iyer leans back, but can't get the ramp away","Wood to Iyer, no run",63/4,351588,Mark Wood,0,19,1,3.1,12,288992,Chris Jordan,0,12,0,2.0,7,642519,Shreyas Iyer,34,28,4,0,625371,Hardik Pandya,3,7,0,0,1,False,0,0,0,0,0,14,8,0,False,,False,False,4.78,0,79,0,4,0,1,1,0,63
four,6,India,1,England,1st innings,4,"<strong>edged and squirted away fine of Curran at deep third man</strong>. Iyer aims for the leg-side, closes his bat-face, as the leading edge flies wide of Curran's slide in the deep","Wood to Iyer, FOUR runs",67/4,351588,Mark Wood,0,20,1,3.2,16,288992,Chris Jordan,0,12,0,2.0,7,642519,Shreyas Iyer,38,29,5,0,625371,Hardik Pandya,3,7,0,0,2,False,0,0,0,0,0,14,8,0,False,,False,False,5.02,0,80,0,4,0,1,1,0,67
run,6,India,1,England,1st innings,1,"146.6ks short ball outside off, Iyer sits back waiting for it and secures a single to the right of Curran at deep third man this time","Wood to Iyer, 1 run",68/4,351588,Mark Wood,0,21,1,3.3,17,288992,Chris Jordan,0,12,0,2.0,7,642519,Shreyas Iyer,39,30,5,0,625371,Hardik Pandya,3,7,0,0,3,False,0,0,0,0,0,14,8,0,False,,False,False,5.03,0,81,0,4,0,1,1,0,68
no run,6,India,1,England,1st innings,0,"back of a length and <strong>zipping through outside off at 149.1ks</strong>, skids back in. Pandya searches for a late-cut and is beaten emphatically","Wood to Pandya, no run",68/4,351588,Mark Wood,0,22,1,3.4,17,288992,Chris Jordan,0,12,0,2.0,7,625371,Hardik Pandya,3,8,0,0,642519,Shreyas Iyer,39,30,5,0,4,False,0,0,0,0,0,14,8,0,False,,False,False,4.97,0,82,0,4,0,1,1,0,68
run,6,India,1,England,1st innings,2,"back of a length and outside off, punched through the line to the right of sweeper cover","Wood to Pandya, 2 runs",70/4,351588,Mark Wood,0,23,1,3.5,19,288992,Chris Jordan,0,12,0,2.0,7,625371,Hardik Pandya,5,9,0,0,642519,Shreyas Iyer,39,30,5,0,5,False,0,0,0,0,0,14,8,0,False,,False,False,5.06,0,83,0,4,0,1,1,0,70
run,6,India,1,England,1st innings,1,"on a length and outside off, <strong>Wood ends his spell with a 149ks rocket</strong>. Diffused down to third man","Wood to Pandya, 1 run",71/4,351588,Mark Wood,0,24,1,4.0,20,288992,Chris Jordan,0,12,0,2.0,7,625371,Hardik Pandya,6,10,0,0,642519,Shreyas Iyer,39,30,5,0,6,True,0,0,0,0,0,14,8,0,False,,False,False,5.07,0,84,0,4,0,1,1,0,71
no run,6,India,1,England,1st innings,0,"back of a length and outside off, forced off the back foot but straight to Morgan at short cover","Stokes to Pandya, no run",71/4,311158,Ben Stokes,0,13,1,2.1,13,351588,Mark Wood,0,24,1,4.0,20,625371,Hardik Pandya,6,11,0,0,642519,Shreyas Iyer,39,30,5,0,1,False,0,0,0,0,0,15,12,0,False,,False,False,5.01,0,85,0,4,0,1,1,0,71
run,6,India,1,England,1st innings,1,"on a length and Stokes finds some extra bounce from there, the line is outside off, guided down to deep third man","Stokes to Pandya, 1 run",72/4,311158,Ben Stokes,0,14,1,2.2,14,351588,Mark Wood,0,24,1,4.0,20,625371,Hardik Pandya,7,12,0,0,642519,Shreyas Iyer,39,30,5,0,2,False,0,0,0,0,0,15,12,0,False,,False,False,5.02,0,86,0,4,0,1,1,0,72
run,6,India,1,England,1st innings,1,"overpitched and outside off, belted to mid-off hanging back. Slower variation from Stokes","Stokes to Iyer, 1 run",73/4,311158,Ben Stokes,0,15,1,2.3,15,351588,Mark Wood,0,24,1,4.0,20,642519,Shreyas Iyer,40,31,5,0,625371,Hardik Pandya,7,12,0,0,3,False,0,0,0,0,0,15,12,0,False,,False,False,5.03,0,87,0,4,0,1,1,0,73
six,6,India,1,England,1st innings,6,"<strong>Pandya dumps Stokes over mid-off!</strong> Pitched up and outside off, Pandya collapses his back leg and pumps it over mid-off for six","Stokes to Pandya, SIX runs",79/4,311158,Ben Stokes,0,16,1,2.4,21,351588,Mark Wood,0,24,1,4.0,20,625371,Hardik Pandya,13,13,0,1,642519,Shreyas Iyer,40,31,5,0,4,False,0,0,0,0,0,15,12,0,False,,False,False,5.38,0,88,0,4,0,1,1,0,79
four,6,India,1,England,1st innings,4,"banged in short and keeps sliding in from over the wicket, Pandya leans back, loses his balance and falls on the floor. But he has managed to ramp this fine of deep third man for back-to-back boundaries","Stokes to Pandya, FOUR runs",83/4,311158,Ben Stokes,0,17,1,2.5,25,351588,Mark Wood,0,24,1,4.0,20,625371,Hardik Pandya,17,14,1,1,642519,Shreyas Iyer,40,31,5,0,5,False,0,0,0,0,0,15,12,0,False,,False,False,5.59,0,89,0,4,0,1,1,0,83
no run,6,India,1,England,1st innings,0,"back of a length and slanting into middle and off, played back to Stokes","Stokes to Pandya, no run",83/4,311158,Ben Stokes,0,18,1,3.0,25,351588,Mark Wood,0,24,1,4.0,20,625371,Hardik Pandya,17,15,1,1,642519,Shreyas Iyer,40,31,5,0,6,True,0,0,0,0,0,15,12,0,False,,False,False,5.53,0,90,0,4,0,1,1,0,83
four,6,India,1,England,1st innings,4,"<b>timed off the legs through square</b>, that's a lovely shot for four! Length, 140kph, slightly straight and he wrists it away","Archer to Iyer, FOUR runs",87/4,669855,Jofra Archer,1,13,1,2.1,15,311158,Ben Stokes,0,18,1,3.0,25,642519,Shreyas Iyer,44,32,6,0,625371,Hardik Pandya,17,15,1,1,1,False,0,0,0,0,0,16,9,0,False,,False,False,5.73,0,91,0,4,0,1,1,0,87
four,6,India,1,England,1st innings,4,"<b>steered through backward point now!</b> Delicately done, again using those 140 clicks to his advantage, and it beats third man running around","Archer to Iyer, FOUR runs",91/4,669855,Jofra Archer,1,14,1,2.2,19,311158,Ben Stokes,0,18,1,3.0,25,642519,Shreyas Iyer,48,33,7,0,625371,Hardik Pandya,17,15,1,1,2,False,0,0,0,0,0,16,9,0,False,,False,False,5.93,0,92,0,4,0,1,1,0,91
no run,6,India,1,England,1st innings,0,"dabbed towards backward point, Iyer sets off and is then sent back... <b>there's a direct hit from Roy</b>, but he'd grounded his bat over the line","Archer to Iyer, no run",91/4,669855,Jofra Archer,1,15,1,2.3,19,311158,Ben Stokes,0,18,1,3.0,25,642519,Shreyas Iyer,48,34,7,0,625371,Hardik Pandya,17,15,1,1,3,False,0,0,0,0,0,16,9,0,False,,False,False,5.87,0,93,0,4,0,1,1,0,91
run,6,India,1,England,1st innings,1,"length in the channel, <b>cranked up to 147kph</b>, runs this down to third man for one","Archer to Iyer, 1 run",92/4,669855,Jofra Archer,1,16,1,2.4,20,311158,Ben Stokes,0,18,1,3.0,25,642519,Shreyas Iyer,49,35,7,0,625371,Hardik Pandya,17,15,1,1,4,False,0,0,0,0,0,16,9,0,False,,False,False,5.87,0,94,0,4,0,1,1,0,92
no run,6,India,1,England,1st innings,0,"beats him on the outside, <b>147kph</b> and back of a length, Pandya has a little fiddle at it","Archer to Pandya, no run",92/4,669855,Jofra Archer,1,17,1,2.5,20,311158,Ben Stokes,0,18,1,3.0,25,625371,Hardik Pandya,17,16,1,1,642519,Shreyas Iyer,49,35,7,0,5,False,0,0,0,0,0,16,9,0,False,,False,False,5.81,0,95,0,4,0,1,1,0,92
no run,6,India,1,England,1st innings,0,"shortish on the stumps, defended down into the off side and Archer scoots after it to repair some of the damage after conceding back-to-back fours at the start of the over","Archer to Pandya, no run",92/4,669855,Jofra Archer,1,18,1,3.0,20,311158,Ben Stokes,0,18,1,3.0,25,625371,Hardik Pandya,17,17,1,1,642519,Shreyas Iyer,49,35,7,0,6,True,0,0,0,0,0,16,9,0,False,,False,False,5.75,0,96,0,4,0,1,1,0,92
run,6,India,1,England,1st innings,1,"pitched up and driven through the covers to the sweeper, <b>that's a well-played half-century for Iyer!</b> Raises his bat and soaks in the applause... Decent lick, from 36 balls, but India need him and Pandya to kick on now","Jordan to Iyer, 1 run",93/4,288992,Chris Jordan,0,13,0,2.1,8,669855,Jofra Archer,1,18,1,3.0,20,642519,Shreyas Iyer,50,36,7,0,625371,Hardik Pandya,17,17,1,1,1,False,0,0,0,0,0,17,10,0,False,,False,False,5.75,0,97,0,4,0,1,1,0,93
run,6,India,1,England,1st innings,1,"slightly back of a length on the stumps, tucked to leg","Jordan to Pandya, 1 run",94/4,288992,Chris Jordan,0,14,0,2.2,9,669855,Jofra Archer,1,18,1,3.0,20,625371,Hardik Pandya,18,18,1,1,642519,Shreyas Iyer,50,36,7,0,2,False,0,0,0,0,0,17,10,0,False,,False,False,5.75,0,98,0,4,0,1,1,0,94
run,6,India,1,England,1st innings,1,"back of a length over off stump, 138kph and pushed down, something of a leading edge, into the covers for one","Jordan to Iyer, 1 run",95/4,288992,Chris Jordan,0,15,0,2.3,10,669855,Jofra Archer,1,18,1,3.0,20,642519,Shreyas Iyer,51,37,7,0,625371,Hardik Pandya,18,18,1,1,3,False,0,0,0,0,0,17,10,0,False,,False,False,5.75,0,99,0,4,0,1,1,0,95
run,6,India,1,England,1st innings,1,"short and wide, <b>147kph</b> and Pandya looks to flay through the off side, picks out deep point","Jordan to Pandya, 1 run",96/4,288992,Chris Jordan,0,16,0,2.4,11,669855,Jofra Archer,1,18,1,3.0,20,625371,Hardik Pandya,19,19,1,1,642519,Shreyas Iyer,51,37,7,0,4,False,0,0,0,0,0,17,10,0,False,,False,False,5.76,0,100,0,4,0,1,1,0,96
no run,6,India,1,England,1st innings,0,"<b>straight through, cutter beats him on the inside edge!</b> Back of a length and hurrying on as Iyer brought the bat down","Jordan to Iyer, no run",96/4,288992,Chris Jordan,0,17,0,2.5,11,669855,Jofra Archer,1,18,1,3.0,20,642519,Shreyas Iyer,51,38,7,0,625371,Hardik Pandya,19,19,1,1,5,False,0,0,0,0,0,17,10,0,False,,False,False,5.7,0,101,0,4,0,1,1,0,96
six,6,India,1,England,1st innings,6,"<b>clobbered into the boundary boards behind square!</b> Scrambled seam, 143kph and he stepped away to carve this hard and flat down to third man!","Jordan to Iyer, SIX runs",102/4,288992,Chris Jordan,0,18,0,3.0,17,669855,Jofra Archer,1,18,1,3.0,20,642519,Shreyas Iyer,57,39,7,1,625371,Hardik Pandya,19,19,1,1,6,True,0,0,0,0,0,17,10,0,False,,False,False,6.0,0,102,0,4,0,1,1,0,102
no run,6,India,1,England,1st innings,0,"short ball, mistimed back to the bowler on the pull","Archer to Pandya, no run",102/4,669855,Jofra Archer,1,19,1,3.1,20,288992,Chris Jordan,0,18,0,3.0,17,625371,Hardik Pandya,19,20,1,1,642519,Shreyas Iyer,57,39,7,1,1,False,0,0,0,0,0,18,3,2,False,,False,False,5.94,0,103,0,4,0,1,1,0,102
out,6,India,1,England,1st innings,0,"<b>Archer strikes again, plucked down by the turf by Jordan at mid-off!</b> Hardik had bided his time, ready to tee off at the death, but this was a mishit looking to go over the off-side ring... almost didn't carry, but Jordan got both mitts underneath the ball","Archer to Pandya, OUT",102/5,669855,Jofra Archer,1,20,2,3.2,20,288992,Chris Jordan,0,18,0,3.0,17,625371,Hardik Pandya,19,21,1,1,642519,Shreyas Iyer,57,39,7,1,2,False,0,0,0,0,0,18,3,2,True,caught,False,HH Pandya c Jordan b Archer 19 (37m 21b 1x4 1x6) SR: 90.47,5.88,0,104,0,5,0,1,1,0,102
out,6,India,1,England,1st innings,0,"<b>bumper, hooked to deep square!</b> Golden duck for Shardulkar! He connected pretty well, but Archer was bowling to his field and the ball flew straight into the bread basket of Dawid Malan coming in off the rope","Archer to Thakur, OUT",102/6,669855,Jofra Archer,1,21,3,3.3,20,288992,Chris Jordan,0,18,0,3.0,17,475281,Shardul Thakur,0,1,0,0,642519,Shreyas Iyer,57,39,7,1,3,False,0,0,0,0,0,18,3,2,True,caught,False,SN Thakur c Malan b Archer 0 (1m 1b 0x4 0x6) SR: 0.00,5.82,0,105,0,6,0,1,1,0,102
wide,6,India,1,England,1st innings,1,"round the wicket, banged in short, Washi attempts to ramp it... but called wide on height","Archer to Washington Sundar, 1 wide",103/6,669855,Jofra Archer,1,21,3,3.3,21,288992,Chris Jordan,0,18,0,3.0,17,719715,Washington Sundar,0,0,0,0,642519,Shreyas Iyer,57,39,7,1,4,False,0,0,1,0,0,18,3,2,False,,False,False,5.88,0,105,0,6,0,1,1,1,103
run,6,India,1,England,1st innings,1,shuffles across and steers a single through backward point,"Archer to Washington Sundar, 1 run",104/6,669855,Jofra Archer,1,22,3,3.4,22,288992,Chris Jordan,0,18,0,3.0,17,719715,Washington Sundar,1,1,0,0,642519,Shreyas Iyer,57,39,7,1,5,False,0,0,0,0,0,18,3,2,False,,False,False,5.88,0,106,0,6,0,1,1,0,104
no run,6,India,1,England,1st innings,0,"cutter, pace off in the channel, Iyer swings and misses","Archer to Iyer, no run",104/6,669855,Jofra Archer,1,23,3,3.5,22,288992,Chris Jordan,0,18,0,3.0,17,642519,Shreyas Iyer,57,40,7,1,719715,Washington Sundar,1,1,0,0,6,False,0,0,0,0,0,18,3,2,False,,False,False,5.83,0,107,0,6,0,1,1,0,104
run,6,India,1,England,1st innings,1,"pitched up at <b>150kph</b>, beautifully timed back down to long-on for one... lovely cricket all round","Archer to Iyer, 1 run",105/6,669855,Jofra Archer,1,24,3,4.0,23,288992,Chris Jordan,0,18,0,3.0,17,642519,Shreyas Iyer,58,41,7,1,719715,Washington Sundar,1,1,0,0,7,True,0,0,0,0,0,18,3,2,False,,False,False,5.83,0,108,0,6,0,1,1,0,105
no run,6,India,1,England,1st innings,0,"round the wicket, full on off at 130kph, stroked to mid-off coming forwards","Curran to Iyer, no run",105/6,662973,Sam Curran,0,7,0,1.1,6,669855,Jofra Archer,1,24,3,4.0,23,642519,Shreyas Iyer,58,42,7,1,719715,Washington Sundar,1,1,0,0,1,False,0,0,0,0,0,19,9,0,False,,False,False,5.77,0,109,0,6,0,1,1,0,105
run,6,India,1,England,1st innings,2,"length, on the body and shovelled into the leg side, they'll come back for two","Curran to Iyer, 2 runs",107/6,662973,Sam Curran,0,8,0,1.2,8,669855,Jofra Archer,1,24,3,4.0,23,642519,Shreyas Iyer,60,43,7,1,719715,Washington Sundar,1,1,0,0,2,False,0,0,0,0,0,19,9,0,False,,False,False,5.83,0,110,0,6,0,1,1,0,107
four,6,India,1,England,1st innings,4,"<b>short, sits up, hoicked through wide long-on!</b> Curran doesn't have the same pace to thrive with short stuff, and Iyer gets him away between two boundary riders","Curran to Iyer, FOUR runs",111/6,662973,Sam Curran,0,9,0,1.3,12,669855,Jofra Archer,1,24,3,4.0,23,642519,Shreyas Iyer,64,44,8,1,719715,Washington Sundar,1,1,0,0,3,False,0,0,0,0,0,19,9,0,False,,False,False,6.0,0,111,0,6,0,1,1,0,111
run,6,India,1,England,1st innings,1,"fired in fuller, flicked off the pads","Curran to Iyer, 1 run",112/6,662973,Sam Curran,0,10,0,1.4,13,669855,Jofra Archer,1,24,3,4.0,23,642519,Shreyas Iyer,65,45,8,1,719715,Washington Sundar,1,1,0,0,4,False,0,0,0,0,0,19,9,0,False,,False,False,6.0,0,112,0,6,0,1,1,0,112
run,6,India,1,England,1st innings,1,"over the wicket, low full toss, 133kph wide of the stumps, miscued down to long-on for one","Curran to Washington Sundar, 1 run",113/6,662973,Sam Curran,0,11,0,1.5,14,669855,Jofra Archer,1,24,3,4.0,23,719715,Washington Sundar,2,2,0,0,642519,Shreyas Iyer,65,45,8,1,5,False,0,0,0,0,0,19,9,0,False,,False,False,6.0,0,113,0,6,0,1,1,0,113
run,6,India,1,England,1st innings,1,"short ball, swiped through the leg side, just one out to the midwicket sweeper","Curran to Iyer, 1 run",114/6,662973,Sam Curran,0,12,0,2.0,15,669855,Jofra Archer,1,24,3,4.0,23,642519,Shreyas Iyer,66,46,8,1,719715,Washington Sundar,2,2,0,0,6,True,0,0,0,0,0,19,9,0,False,,False,False,6.0,0,114,0,6,0,1,1,0,114
run,6,India,1,England,1st innings,1,"back of a length, skidding on and slugged for one on the pull to deep midwicket","Jordan to Iyer, 1 run",115/6,288992,Chris Jordan,0,19,0,3.1,18,662973,Sam Curran,0,12,0,2.0,15,642519,Shreyas Iyer,67,47,8,1,719715,Washington Sundar,2,2,0,0,1,False,0,0,0,0,0,20,10,1,False,,False,False,6.0,0,115,0,6,0,1,1,0,115
wide,6,India,1,England,1st innings,1,"round the wicket, slower ball but it slides down leg as Sundar swings and misses","Jordan to Washington Sundar, 1 wide",116/6,288992,Chris Jordan,0,19,0,3.1,19,662973,Sam Curran,0,12,0,2.0,15,719715,Washington Sundar,2,2,0,0,642519,Shreyas Iyer,67,47,8,1,2,False,0,0,1,0,0,20,10,1,False,,False,False,6.05,0,115,0,6,0,1,1,1,116
run,6,India,1,England,1st innings,1,"full, 139kph on middle and leg, settles for a dink down the ground to long-on","Jordan to Washington Sundar, 1 run",117/6,288992,Chris Jordan,0,20,0,3.2,20,662973,Sam Curran,0,12,0,2.0,15,719715,Washington Sundar,3,3,0,0,642519,Shreyas Iyer,67,47,8,1,3,False,0,0,0,0,0,20,10,1,False,,False,False,6.05,0,116,0,6,0,1,1,0,117
out,6,India,1,England,1st innings,0,"<b>short with pace off, Iyer whacks it leg side... taken at deep backward square!</b> Brilliant catch on the run from Malan, and Iyer departs in the final over after a fighting lone hand! Hand to wait an age and then try to manufacture the power himself. Career-best in T20Is for India's No.4, repaying some of the faith shown - but England are closing this innings out well","Jordan to Iyer, OUT",117/7,288992,Chris Jordan,0,21,1,3.3,20,662973,Sam Curran,0,12,0,2.0,15,642519,Shreyas Iyer,67,48,8,1,719715,Washington Sundar,3,3,0,0,4,False,0,0,0,0,0,20,10,1,True,caught,False,SS Iyer c Malan b Jordan 67 (75m 48b 8x4 1x6) SR: 139.58,6.0,0,117,0,7,0,1,1,0,117
run,6,India,1,England,1st innings,2,"short ball, whipped away leg side, into a gap for a couple","Jordan to Patel, 2 runs",119/7,288992,Chris Jordan,0,22,1,3.4,22,662973,Sam Curran,0,12,0,2.0,15,554691,Axar Patel,2,1,0,0,719715,Washington Sundar,3,3,0,0,5,False,0,0,0,0,0,20,10,1,False,,False,False,6.05,0,118,0,7,0,1,1,0,119
four,6,India,1,England,1st innings,4,"<b>short and slashed, using the pace and it flies over short third man!</b> Patel collars Jordan for a boundary from the penultimate ball","Jordan to Patel, FOUR runs",123/7,288992,Chris Jordan,0,23,1,3.5,26,662973,Sam Curran,0,12,0,2.0,15,554691,Axar Patel,6,2,1,0,719715,Washington Sundar,3,3,0,0,6,False,0,0,0,0,0,20,10,1,False,,False,False,6.2,0,119,0,7,0,1,1,0,123
run,6,India,1,England,1st innings,1,"full toss, 143kph and slugged low towards mid-off, Rashid gets down to keep them to one","Jordan to Patel, 1 run",124/7,288992,Chris Jordan,0,24,1,4.0,27,662973,Sam Curran,0,12,0,2.0,15,554691,Axar Patel,7,3,1,0,719715,Washington Sundar,3,3,0,0,7,True,0,0,0,0,0,20,10,1,False,,False,False,6.2,0,120,0,7,0,1,1,0,124
no run,1,England,6,India,2nd innings,0,nudges a tossed up delivery on his pads to mid-on,"Patel to Roy, no run",0,554691,Axar Patel,0,1,0,0.1,0,False,False,0,0,0,False,0,298438,Jason Roy,0,1,0,0,308967,Jos Buttler,0,0,0,0,1,False,0,0,0,0,0,1,3,0,False,,False,False,0.0,0,1,0,0,0,1,1,0,0
run,1,England,6,India,2nd innings,1,"flatter delivery angling into the pads again, Roy works it straight of midwicket","Patel to Roy, 1 run",0,554691,Axar Patel,0,2,0,0.2,1,False,False,0,0,0,False,0,298438,Jason Roy,1,2,0,0,308967,Jos Buttler,0,0,0,0,2,False,0,0,0,0,0,1,3,0,False,,False,False,3.0,0,2,0,0,0,1,1,0,1
no run,1,England,6,India,2nd innings,0,defends a good length ball to cover,"Patel to Buttler, no run",0,554691,Axar Patel,0,3,0,0.3,1,False,False,0,0,0,False,0,308967,Jos Buttler,0,1,0,0,298438,Jason Roy,1,2,0,0,3,False,0,0,0,0,0,1,3,0,False,,False,False,2.0,0,3,0,0,0,1,1,0,1
no run,1,England,6,India,2nd innings,0,"slides on with the arm, looking for the stumps, but Buttler is able to plant a straight bat down in time","Patel to Buttler, no run",0,554691,Axar Patel,0,4,0,0.4,1,False,False,0,0,0,False,0,308967,Jos Buttler,0,2,0,0,298438,Jason Roy,1,2,0,0,4,False,0,0,0,0,0,1,3,0,False,,False,False,1.5,0,4,0,0,0,1,1,0,1
no run,1,England,6,India,2nd innings,0,makes room and cracks a short ball outside off to cover,"Patel to Buttler, no run",0,554691,Axar Patel,0,5,0,0.5,1,False,False,0,0,0,False,0,308967,Jos Buttler,0,3,0,0,298438,Jason Roy,1,2,0,0,5,False,0,0,0,0,0,1,3,0,False,,False,False,1.2,0,5,0,0,0,1,1,0,1
run,1,England,6,India,2nd innings,2,"spears it into leg stump, Buttler times the ball sweetly and sends it to the left of deep midwicket","Patel to Buttler, 2 runs",0,554691,Axar Patel,0,6,0,1.0,3,False,False,0,0,0,False,0,308967,Jos Buttler,2,4,0,0,298438,Jason Roy,1,2,0,0,6,True,0,0,0,0,0,1,3,0,False,,False,False,3.0,0,6,0,0,0,1,1,0,3
run,1,England,6,India,2nd innings,2,"<b>mis-hit, cover's interested, but it lobs over him</b>. Roy is pushing at the ball. A length ball outside off. He gets it all wrong but somehow has enough to beat the fielder","Kumar to Roy, 2 runs",0,326016,Bhuvneshwar Kumar,0,1,0,0.1,2,554691,Axar Patel,0,6,0,1.0,3,298438,Jason Roy,3,3,0,0,308967,Jos Buttler,2,4,0,0,1,False,0,0,0,0,0,2,7,0,False,,False,False,4.28,0,7,0,0,0,1,1,0,5
no run,1,England,6,India,2nd innings,0,"fullish on middle, pushes to mid-on","Kumar to Roy, no run",0,326016,Bhuvneshwar Kumar,0,2,0,0.2,2,554691,Axar Patel,0,6,0,1.0,3,298438,Jason Roy,3,4,0,0,308967,Jos Buttler,2,4,0,0,2,False,0,0,0,0,0,2,7,0,False,,False,False,3.75,0,8,0,0,0,1,1,0,5
four,1,England,6,India,2nd innings,4,"<b>launches it over deep square leg</b>. Mistake from Bhuvi. A length ball sliding into the pads, perfect for the pick-up shot and Roy never needs a second invitation","Kumar to Roy, FOUR runs",0,326016,Bhuvneshwar Kumar,0,3,0,0.3,6,554691,Axar Patel,0,6,0,1.0,3,298438,Jason Roy,7,5,1,0,308967,Jos Buttler,2,4,0,0,3,False,0,0,0,0,0,2,7,0,False,,False,False,6.0,0,9,0,0,0,1,1,0,9
no run,1,England,6,India,2nd innings,0,"back of a length and outside off, chops it into the covers","Kumar to Roy, no run",0,326016,Bhuvneshwar Kumar,0,4,0,0.4,6,554691,Axar Patel,0,6,0,1.0,3,298438,Jason Roy,7,6,1,0,308967,Jos Buttler,2,4,0,0,4,False,0,0,0,0,0,2,7,0,False,,False,False,5.4,0,10,0,0,0,1,1,0,9
run,1,England,6,India,2nd innings,1,"walks across his stumps and flicks the back of a length ball on middle and off to deep square leg. <b>Bhuvi's getting it to kick up off the pitch</b>, and this one, like that catching opportunity earlier in the over, goes off splice of his blade.","Kumar to Roy, 1 run",0,326016,Bhuvneshwar Kumar,0,5,0,0.5,7,554691,Axar Patel,0,6,0,1.0,3,298438,Jason Roy,8,7,1,0,308967,Jos Buttler,2,4,0,0,5,False,0,0,0,0,0,2,7,0,False,,False,False,5.45,0,11,0,0,0,1,1,0,10
no run,1,England,6,India,2nd innings,0,punches a shortish delivery outside off to cover point,"Kumar to Buttler, no run",0,326016,Bhuvneshwar Kumar,0,6,0,1.0,7,554691,Axar Patel,0,6,0,1.0,3,308967,Jos Buttler,2,5,0,0,298438,Jason Roy,8,7,1,0,6,True,0,0,0,0,0,2,7,0,False,,False,False,5.0,0,12,0,0,0,1,1,0,10
six,1,England,6,India,2nd innings,6,"pushed through flat and quick, sliding in at off, 90ks. Roy lines it up and mows it over the midwicket fence. He greets Chahal with a powerful six","Chahal to Roy, SIX runs",0,430246,Yuzvendra Chahal,0,1,0,0.1,6,326016,Bhuvneshwar Kumar,0,6,0,1.0,7,298438,Jason Roy,14,8,1,1,308967,Jos Buttler,2,5,0,0,1,False,0,0,0,0,0,3,11,0,False,,False,False,7.38,0,13,0,0,0,1,1,0,16
no run,1,England,6,India,2nd innings,0,"skidder on off, 94ks, not sure if that was the front-of-the-hand variation, jabbed back to Chahal","Chahal to Roy, no run",0,430246,Yuzvendra Chahal,0,2,0,0.2,6,326016,Bhuvneshwar Kumar,0,6,0,1.0,7,298438,Jason Roy,14,9,1,1,308967,Jos Buttler,2,5,0,0,2,False,0,0,0,0,0,3,11,0,False,,False,False,6.85,0,14,0,0,0,1,1,0,16
no run,1,England,6,India,2nd innings,0,"back of a length on middle, Roy makes some swinging room and flays it to extra-cover","Chahal to Roy, no run",0,430246,Yuzvendra Chahal,0,3,0,0.3,6,326016,Bhuvneshwar Kumar,0,6,0,1.0,7,298438,Jason Roy,14,10,1,1,308967,Jos Buttler,2,5,0,0,3,False,0,0,0,0,0,3,11,0,False,,False,False,6.4,0,15,0,0,0,1,1,0,16
four,1,England,6,India,2nd innings,4,"shortish and outside off, 94.2ks, wrong'un, Roy jumps back and flays another cut to backward point, where Thakur lets the ball sneak through his legs for four. India can't afford these slip-ups","Chahal to Roy, FOUR runs",0,430246,Yuzvendra Chahal,0,4,0,0.4,10,326016,Bhuvneshwar Kumar,0,6,0,1.0,7,298438,Jason Roy,18,11,2,1,308967,Jos Buttler,2,5,0,0,4,False,0,0,0,0,0,3,11,0,False,,False,False,7.5,0,16,0,0,0,1,1,0,20
no run,1,England,6,India,2nd innings,0,stabbed into the covers,"Chahal to Roy, no run",0,430246,Yuzvendra Chahal,0,5,0,0.5,10,326016,Bhuvneshwar Kumar,0,6,0,1.0,7,298438,Jason Roy,18,12,2,1,308967,Jos Buttler,2,5,0,0,5,False,0,0,0,0,0,3,11,0,False,,False,False,7.05,0,17,0,0,0,1,1,0,20
run,1,England,6,India,2nd innings,1,"quick, short, zipping in to hit the inside edge and roll down to short fine leg","Chahal to Roy, 1 run",0,430246,Yuzvendra Chahal,0,6,0,1.0,11,326016,Bhuvneshwar Kumar,0,6,0,1.0,7,298438,Jason Roy,19,13,2,1,308967,Jos Buttler,2,5,0,0,6,True,0,0,0,0,0,3,11,0,False,,False,False,7.0,0,18,0,0,0,1,1,0,21
run,1,England,6,India,2nd innings,1,"back of a length and outside off, Roy throws his bat at ball and sends this ball to sweeper cover with a slicing finish","Thakur to Roy, 1 run",0,475281,Shardul Thakur,0,1,0,0.1,1,430246,Yuzvendra Chahal,0,6,0,1.0,11,298438,Jason Roy,20,14,2,1,308967,Jos Buttler,2,5,0,0,1,False,0,0,0,0,0,4,8,0,False,,False,False,6.94,0,19,0,0,0,1,1,0,22
run,1,England,6,India,2nd innings,2,"shorter and outside off, Buttler rises on top of the bounce and cracks it away between point and covers","Thakur to Buttler, 2 runs",0,475281,Shardul Thakur,0,2,0,0.2,3,430246,Yuzvendra Chahal,0,6,0,1.0,11,308967,Jos Buttler,4,6,0,0,298438,Jason Roy,20,14,2,1,2,False,0,0,0,0,0,4,8,0,False,,False,False,7.2,0,20,0,0,0,1,1,0,24
no run,1,England,6,India,2nd innings,0,"Buttler jumps across the stumps for a scoop, Thakur hits 140ks just outside off. Buttler shuffles back into line and keeps it out","Thakur to Buttler, no run",0,475281,Shardul Thakur,0,3,0,0.3,3,430246,Yuzvendra Chahal,0,6,0,1.0,11,308967,Jos Buttler,4,7,0,0,298438,Jason Roy,20,14,2,1,3,False,0,0,0,0,0,4,8,0,False,,False,False,6.85,0,21,0,0,0,1,1,0,24
no run,1,England,6,India,2nd innings,0,back of a length and seams away outside off. Buttler has a flat-footed swish and misses,"Thakur to Buttler, no run",0,475281,Shardul Thakur,0,4,0,0.4,3,430246,Yuzvendra Chahal,0,6,0,1.0,11,308967,Jos Buttler,4,8,0,0,298438,Jason Roy,20,14,2,1,4,False,0,0,0,0,0,4,8,0,False,,False,False,6.54,0,22,0,0,0,1,1,0,24
run,1,England,6,India,2nd innings,1,jammed in front of mid-on off the inside half,"Thakur to Buttler, 1 run",0,475281,Shardul Thakur,0,5,0,0.5,4,430246,Yuzvendra Chahal,0,6,0,1.0,11,308967,Jos Buttler,5,9,0,0,298438,Jason Roy,20,14,2,1,5,False,0,0,0,0,0,4,8,0,False,,False,False,6.52,0,23,0,0,0,1,1,0,25
four,1,England,6,India,2nd innings,4,"<strong>flat-batted away to the right of mid-off. </strong>Just short of a good length and outside off, Roy reaches out for the ball and swats it away, tennis-style, to the straightish boundary. Bam!","Thakur to Roy, FOUR runs",0,475281,Shardul Thakur,0,6,0,1.0,8,430246,Yuzvendra Chahal,0,6,0,1.0,11,298438,Jason Roy,24,15,3,1,308967,Jos Buttler,5,9,0,0,6,True,0,0,0,0,0,4,8,0,False,,False,False,7.25,0,24,0,0,0,1,1,0,29
run,1,England,6,India,2nd innings,2,"Rahul at the long-off boundary leans back, catches the ball, but then realises that the momentum will cause him to tumble beyond the boundary. Before he falls over, he tosses the ball back into play and saves four for his side. Pushed through on middle, Buttler dashes down the track and pumps it away","Patel to Buttler, 2 runs",0,554691,Axar Patel,0,7,0,1.1,5,475281,Shardul Thakur,0,6,0,1.0,8,308967,Jos Buttler,7,10,0,0,298438,Jason Roy,24,15,3,1,1,False,0,0,0,0,0,5,13,0,False,,False,False,7.44,0,25,0,0,0,1,1,0,31
no run,1,England,6,India,2nd innings,0,down the track and squirted to the covers,"Patel to Buttler, no run",0,554691,Axar Patel,0,8,0,1.2,5,475281,Shardul Thakur,0,6,0,1.0,8,308967,Jos Buttler,7,11,0,0,298438,Jason Roy,24,15,3,1,2,False,0,0,0,0,0,5,13,0,False,,False,False,7.15,0,26,0,0,0,1,1,0,31
no run,1,England,6,India,2nd innings,0,"<strong>slider from Axar, pings the front pad</strong>. Did Buttler get outside the line there while not connecting with a sweep? Non-turner, hits the front pad above the knee-roll as Buttler goes low. No bat/glove involved. The tracker returns umpire's call on impact and so the on-field not-out call from Ananthapadmanabhan is upheld","Patel to Buttler, no run",0,554691,Axar Patel,0,9,0,1.3,5,475281,Shardul Thakur,0,6,0,1.0,8,308967,Jos Buttler,7,12,0,0,298438,Jason Roy,24,15,3,1,3,False,0,0,0,0,0,5,13,0,False,,False,False,6.88,0,27,0,0,0,1,1,0,31
four,1,England,6,India,2nd innings,4,"<strong>beats Rahul to his left</strong>! Shortish and outside off, Buttler manufactures some swinging room and thumps it away wide of long-off","Patel to Buttler, FOUR runs",0,554691,Axar Patel,0,10,0,1.4,9,475281,Shardul Thakur,0,6,0,1.0,8,308967,Jos Buttler,11,13,1,0,298438,Jason Roy,24,15,3,1,4,False,0,0,0,0,0,5,13,0,False,,False,False,7.5,0,28,0,0,0,1,1,0,35
six,1,England,6,India,2nd innings,6,"fired into middle, Buttler runs down the track once again, and <b>mows it over midwicket for a six</b>. Massive blow","Patel to Buttler, SIX runs",0,554691,Axar Patel,0,11,0,1.5,15,475281,Shardul Thakur,0,6,0,1.0,8,308967,Jos Buttler,17,14,1,1,298438,Jason Roy,24,15,3,1,5,False,0,0,0,0,0,5,13,0,False,,False,False,8.48,0,29,0,0,0,1,1,0,41
run,1,England,6,India,2nd innings,1,"98ks dart outside off, slapped to the right of short cover","Patel to Buttler, 1 run",0,554691,Axar Patel,0,12,0,2.0,16,475281,Shardul Thakur,0,6,0,1.0,8,308967,Jos Buttler,18,15,1,1,298438,Jason Roy,24,15,3,1,6,True,0,0,0,0,0,5,13,0,False,,False,False,8.4,0,30,0,0,0,1,1,0,42
no run,1,England,6,India,2nd innings,0,"shortish and outside off, defensively dropped to the covers","Kumar to Buttler, no run",0,326016,Bhuvneshwar Kumar,0,7,0,1.1,7,554691,Axar Patel,0,12,0,2.0,16,308967,Jos Buttler,18,16,1,1,298438,Jason Roy,24,15,3,1,1,False,0,0,0,0,0,6,8,0,False,,False,False,8.12,0,31,0,0,0,1,1,0,42
run,1,England,6,India,2nd innings,2,"back of a length and on middle and leg, tucked away through square leg for a double","Kumar to Buttler, 2 runs",0,326016,Bhuvneshwar Kumar,0,8,0,1.2,9,554691,Axar Patel,0,12,0,2.0,16,308967,Jos Buttler,20,17,1,1,298438,Jason Roy,24,15,3,1,2,False,0,0,0,0,0,6,8,0,False,,False,False,8.25,0,32,0,0,0,1,1,0,44
run,1,England,6,India,2nd innings,2,"straying into the hips, tucked away between fine leg and deep square leg","Kumar to Buttler, 2 runs",0,326016,Bhuvneshwar Kumar,0,9,0,1.3,11,554691,Axar Patel,0,12,0,2.0,16,308967,Jos Buttler,22,18,1,1,298438,Jason Roy,24,15,3,1,3,False,0,0,0,0,0,6,8,0,False,,False,False,8.36,0,33,0,0,0,1,1,0,46
no run,1,England,6,India,2nd innings,0,"pitched up on off, looks like a slower offcutter, tapped to mid-on off the front foot","Kumar to Buttler, no run",0,326016,Bhuvneshwar Kumar,0,10,0,1.4,11,554691,Axar Patel,0,12,0,2.0,16,308967,Jos Buttler,22,19,1,1,298438,Jason Roy,24,15,3,1,4,False,0,0,0,0,0,6,8,0,False,,False,False,8.11,0,34,0,0,0,1,1,0,46
no run,1,England,6,India,2nd innings,0,Buttler rises on top of a short delivery outside off and scythes a cut towards cover-point,"Kumar to Buttler, no run",0,326016,Bhuvneshwar Kumar,0,11,0,1.5,11,554691,Axar Patel,0,12,0,2.0,16,308967,Jos Buttler,22,20,1,1,298438,Jason Roy,24,15,3,1,5,False,0,0,0,0,0,6,8,0,False,,False,False,7.88,0,35,0,0,0,1,1,0,46
four,1,England,6,India,2nd innings,4,"pitched up and angling into middle, Buttler isn't fully forward, but drives it with immense poise to the right of mid-on to close out the powerplay in grand style","Kumar to Buttler, FOUR runs",0,326016,Bhuvneshwar Kumar,0,12,0,2.0,15,554691,Axar Patel,0,12,0,2.0,16,308967,Jos Buttler,26,21,2,1,298438,Jason Roy,24,15,3,1,6,True,0,0,0,0,0,6,8,0,False,,False,False,8.33,0,36,0,0,0,1,1,0,50
no run,1,England,6,India,2nd innings,0,"fired in on the stumps, jabbed to the off side","Patel to Roy, no run",0,554691,Axar Patel,0,13,0,2.1,16,326016,Bhuvneshwar Kumar,0,12,0,2.0,15,298438,Jason Roy,24,16,3,1,308967,Jos Buttler,26,21,2,1,1,False,0,0,0,0,0,7,8,0,False,,False,False,8.1,0,37,0,0,0,1,1,0,50
six,1,England,6,India,2nd innings,6,"<b>mowed into the crowd over deep midwicket!</b> Brutally struck. Full in the slot and there's no spin, Roy tucks in on the slog-sweep","Patel to Roy, SIX runs",0,554691,Axar Patel,0,14,0,2.2,22,326016,Bhuvneshwar Kumar,0,12,0,2.0,15,298438,Jason Roy,30,17,3,2,308967,Jos Buttler,26,21,2,1,2,False,0,0,0,0,0,7,8,0,False,,False,False,8.84,0,38,0,0,0,1,1,0,56
run,1,England,6,India,2nd innings,1,"fired down at 93mph, bunted through mid-off for one","Patel to Roy, 1 run",0,554691,Axar Patel,0,15,0,2.3,23,326016,Bhuvneshwar Kumar,0,12,0,2.0,15,298438,Jason Roy,31,18,3,2,308967,Jos Buttler,26,21,2,1,3,False,0,0,0,0,0,7,8,0,False,,False,False,8.76,0,39,0,0,0,1,1,0,57
run,1,England,6,India,2nd innings,1,"flattish outside off, Buttler punches through the covers","Patel to Buttler, 1 run",0,554691,Axar Patel,0,16,0,2.4,24,326016,Bhuvneshwar Kumar,0,12,0,2.0,15,308967,Jos Buttler,27,22,2,1,298438,Jason Roy,31,18,3,2,4,False,0,0,0,0,0,7,8,0,False,,False,False,8.7,0,40,0,0,0,1,1,0,58
no run,1,England,6,India,2nd innings,0,"marches down, shortens his length, patted back","Patel to Roy, no run",0,554691,Axar Patel,0,17,0,2.5,24,326016,Bhuvneshwar Kumar,0,12,0,2.0,15,298438,Jason Roy,31,19,3,2,308967,Jos Buttler,27,22,2,1,5,False,0,0,0,0,0,7,8,0,False,,False,False,8.48,0,41,0,0,0,1,1,0,58
no run,1,England,6,India,2nd innings,0,darted wide of the stumps as Roy opens the shoulders and carves flat towards cover - a steady eight off the first over with the field out,"Patel to Roy, no run",0,554691,Axar Patel,0,18,0,3.0,24,326016,Bhuvneshwar Kumar,0,12,0,2.0,15,298438,Jason Roy,31,20,3,2,308967,Jos Buttler,27,22,2,1,6,True,0,0,0,0,0,7,8,0,False,,False,False,8.28,0,42,0,0,0,1,1,0,58
run,1,England,6,India,2nd innings,1,"floats up a legbreak, cut in front of point","Chahal to Buttler, 1 run",0,430246,Yuzvendra Chahal,0,7,0,1.1,12,554691,Axar Patel,0,18,0,3.0,24,308967,Jos Buttler,28,23,2,1,298438,Jason Roy,31,20,3,2,1,False,0,0,0,0,0,8,14,1,False,,False,False,8.23,0,43,0,0,0,1,1,0,59
four,1,England,6,India,2nd innings,4,"<b>drops short, hoicked away through midwicket!</b> Picked the wrong'un and Roy carts him between deep midwicket and long-on","Chahal to Roy, FOUR runs",0,430246,Yuzvendra Chahal,0,8,0,1.2,16,554691,Axar Patel,0,18,0,3.0,24,298438,Jason Roy,35,21,4,2,308967,Jos Buttler,28,23,2,1,2,False,0,0,0,0,0,8,14,1,False,,False,False,8.59,0,44,0,0,0,1,1,0,63
six,1,England,6,India,2nd innings,6,"<b>blammo! Swung over deep square leg!</b> Tossed up and spinning into the full face of the bat, swept malevolently for six more!","Chahal to Roy, SIX runs",0,430246,Yuzvendra Chahal,0,9,0,1.3,22,554691,Axar Patel,0,18,0,3.0,24,298438,Jason Roy,41,22,4,3,308967,Jos Buttler,28,23,2,1,3,False,0,0,0,0,0,8,14,1,False,,False,False,9.2,0,45,0,0,0,1,1,0,69
run,1,England,6,India,2nd innings,2,speared in flat and heaved on the slog-sweep out to deep midwicket,"Chahal to Roy, 2 runs",0,430246,Yuzvendra Chahal,0,10,0,1.4,24,554691,Axar Patel,0,18,0,3.0,24,298438,Jason Roy,43,23,4,3,308967,Jos Buttler,28,23,2,1,4,False,0,0,0,0,0,8,14,1,False,,False,False,9.26,0,46,0,0,0,1,1,0,71
run,1,England,6,India,2nd innings,1,"pushed through outside off, flat-batted for one","Chahal to Roy, 1 run",0,430246,Yuzvendra Chahal,0,11,0,1.5,25,554691,Axar Patel,0,18,0,3.0,24,298438,Jason Roy,44,24,4,3,308967,Jos Buttler,28,23,2,1,5,False,0,0,0,0,0,8,14,1,False,,False,False,9.19,0,47,0,0,0,1,1,0,72
out,1,England,6,India,2nd innings,0,"<b>trapped in front, and Buttler walks!</b> Plays the wrong line, straightening on middle and leg, and up goes the finger. Some relief for India, Chahal doing Buttler in the flight there, looking to defend but it drifted in past the inside edge","Chahal to Buttler, OUT",0,430246,Yuzvendra Chahal,0,12,1,2.0,25,554691,Axar Patel,0,18,0,3.0,24,308967,Jos Buttler,28,24,2,1,298438,Jason Roy,44,24,4,3,6,True,0,0,0,0,0,8,14,1,True,leg before wicket,False,JC Buttler lbw b Chahal 28 (34m 24b 2x4 1x6) SR: 116.66,9.0,0,48,0,1,0,1,1,0,72
run,1,England,6,India,2nd innings,1,"banged in short outside off, 132kph and pulled flat to deep square leg","Pandya to Roy, 1 run",0,625371,Hardik Pandya,0,1,0,0.1,1,430246,Yuzvendra Chahal,0,12,1,2.0,25,298438,Jason Roy,45,25,4,3,236489,Dawid Malan,0,0,0,0,1,False,0,0,0,0,0,9,5,0,False,,False,False,8.93,0,49,0,1,0,1,1,0,73
no run,1,England,6,India,2nd innings,0,"short and wide, Malan throws the hands but bottom-edges a cut through to Pant","Pandya to Malan, no run",0,625371,Hardik Pandya,0,2,0,0.2,1,430246,Yuzvendra Chahal,0,12,1,2.0,25,236489,Dawid Malan,0,1,0,0,298438,Jason Roy,45,25,4,3,2,False,0,0,0,0,0,9,5,0,False,,False,False,8.76,0,50,0,1,0,1,1,0,73
no run,1,England,6,India,2nd innings,0,"shortish outside off, guided towards backward point from the crease","Pandya to Malan, no run",0,625371,Hardik Pandya,0,3,0,0.3,1,430246,Yuzvendra Chahal,0,12,1,2.0,25,236489,Dawid Malan,0,2,0,0,298438,Jason Roy,45,25,4,3,3,False,0,0,0,0,0,9,5,0,False,,False,False,8.58,0,51,0,1,0,1,1,0,73
four,1,England,6,India,2nd innings,4,"short and leg side, maybe a slower ball, <b>but Malan just tickles it fine for four!</b> Cutter from Pandya, but that helps it run fine of the fielder down there","Pandya to Malan, FOUR runs",0,625371,Hardik Pandya,0,4,0,0.4,5,430246,Yuzvendra Chahal,0,12,1,2.0,25,236489,Dawid Malan,4,3,1,0,298438,Jason Roy,45,25,4,3,4,False,0,0,0,0,0,9,5,0,False,,False,False,8.88,0,52,0,1,0,1,1,0,77
no run,1,England,6,India,2nd innings,0,"dug in, 128kph and shaping across the southpaw, Malan sways underneath it","Pandya to Malan, no run",0,625371,Hardik Pandya,0,5,0,0.5,5,430246,Yuzvendra Chahal,0,12,1,2.0,25,236489,Dawid Malan,4,4,1,0,298438,Jason Roy,45,25,4,3,5,False,0,0,0,0,0,9,5,0,False,,False,False,8.71,0,53,0,1,0,1,1,0,77
no run,1,England,6,India,2nd innings,0,"short and angling across, Malan raises his dukes and then lets it go","Pandya to Malan, no run",0,625371,Hardik Pandya,0,6,0,1.0,5,430246,Yuzvendra Chahal,0,12,1,2.0,25,236489,Dawid Malan,4,5,1,0,298438,Jason Roy,45,25,4,3,6,True,0,0,0,0,0,9,5,0,False,,False,False,8.55,0,54,0,1,0,1,1,0,77
run,1,England,6,India,2nd innings,1,"tossed up outside off and Roy has a swipe, just one down to long-on","Chahal to Roy, 1 run",0,430246,Yuzvendra Chahal,0,13,1,2.1,26,625371,Hardik Pandya,0,6,0,1.0,5,298438,Jason Roy,46,26,4,3,236489,Dawid Malan,4,5,1,0,1,False,0,0,0,0,0,10,4,0,False,,False,False,8.5,0,55,0,1,0,1,1,0,78
no run,1,England,6,India,2nd innings,0,"flighted, angled across from over the wicket, Malan happy to block and bed in","Chahal to Malan, no run",0,430246,Yuzvendra Chahal,0,14,1,2.2,26,625371,Hardik Pandya,0,6,0,1.0,5,236489,Dawid Malan,4,6,1,0,298438,Jason Roy,46,26,4,3,2,False,0,0,0,0,0,10,4,0,False,,False,False,8.35,0,56,0,1,0,1,1,0,78
run,1,England,6,India,2nd innings,1,"tossed up and chipped down the ground, bouncing to long-on... although he seemed to be aiming over cover","Chahal to Malan, 1 run",0,430246,Yuzvendra Chahal,0,15,1,2.3,27,625371,Hardik Pandya,0,6,0,1.0,5,236489,Dawid Malan,5,7,1,0,298438,Jason Roy,46,26,4,3,3,False,0,0,0,0,0,10,4,0,False,,False,False,8.31,0,57,0,1,0,1,1,0,79
run,1,England,6,India,2nd innings,1,"pushed through, 90kph as Roy steps away to leg, poked through mid-on","Chahal to Roy, 1 run",0,430246,Yuzvendra Chahal,0,16,1,2.4,28,625371,Hardik Pandya,0,6,0,1.0,5,298438,Jason Roy,47,27,4,3,236489,Dawid Malan,5,7,1,0,4,False,0,0,0,0,0,10,4,0,False,,False,False,8.27,0,58,0,1,0,1,1,0,80
run,1,England,6,India,2nd innings,1,"floated up around off stump, Malan nudges out to deep midwicket half forward","Chahal to Malan, 1 run",0,430246,Yuzvendra Chahal,0,17,1,2.5,29,625371,Hardik Pandya,0,6,0,1.0,5,236489,Dawid Malan,6,8,1,0,298438,Jason Roy,47,27,4,3,5,False,0,0,0,0,0,10,4,0,False,,False,False,8.23,0,59,0,1,0,1,1,0,81
no run,1,England,6,India,2nd innings,0,"flighted, wide of off stump, Roy plants the front foot and attempts a reverse-slap... fails to connect","Chahal to Roy, no run",0,430246,Yuzvendra Chahal,0,18,1,3.0,29,625371,Hardik Pandya,0,6,0,1.0,5,298438,Jason Roy,47,28,4,3,236489,Dawid Malan,6,8,1,0,6,True,0,0,0,0,0,10,4,0,False,,False,False,8.1,0,60,0,1,0,1,1,0,81
run,1,England,6,India,2nd innings,1,"short of a length, tucked off the body behind square","Pandya to Malan, 1 run",0,625371,Hardik Pandya,0,7,0,1.1,6,430246,Yuzvendra Chahal,0,18,1,3.0,29,236489,Dawid Malan,7,9,1,0,298438,Jason Roy,47,28,4,3,1,False,0,0,0,0,0,11,8,0,False,,False,False,8.06,0,61,0,1,0,1,1,0,82
run,1,England,6,India,2nd innings,1,"in the channel, 133kph and skidding on, slashed off the back foot through point","Pandya to Roy, 1 run",0,625371,Hardik Pandya,0,8,0,1.2,7,430246,Yuzvendra Chahal,0,18,1,3.0,29,298438,Jason Roy,48,29,4,3,236489,Dawid Malan,7,9,1,0,2,False,0,0,0,0,0,11,8,0,False,,False,False,8.03,0,62,0,1,0,1,1,0,83
four,1,England,6,India,2nd innings,4,"<b>helps another slower-ball bouncer round the corner for four!</b> Pandya looking to tuck him up, but Malan tucks it fine","Pandya to Malan, FOUR runs",0,625371,Hardik Pandya,0,9,0,1.3,11,430246,Yuzvendra Chahal,0,18,1,3.0,29,236489,Dawid Malan,11,10,2,0,298438,Jason Roy,48,29,4,3,3,False,0,0,0,0,0,11,8,0,False,,False,False,8.28,0,63,0,1,0,1,1,0,87
run,1,England,6,India,2nd innings,1,"shortish, angling across, slashed down to third man where Dhawan makes a good diving stop","Pandya to Malan, 1 run",0,625371,Hardik Pandya,0,10,0,1.4,12,430246,Yuzvendra Chahal,0,18,1,3.0,29,236489,Dawid Malan,12,11,2,0,298438,Jason Roy,48,29,4,3,4,False,0,0,0,0,0,11,8,0,False,,False,False,8.25,0,64,0,1,0,1,1,0,88
no run,1,England,6,India,2nd innings,0,"pace off, Roy moves across his stumps and paddles it fine, Pant scuttles across the cut it off","Pandya to Roy, no run",0,625371,Hardik Pandya,0,11,0,1.5,12,430246,Yuzvendra Chahal,0,18,1,3.0,29,298438,Jason Roy,48,30,4,3,236489,Dawid Malan,12,11,2,0,5,False,0,0,0,0,0,11,8,0,False,,False,False,8.12,0,65,0,1,0,1,1,0,88
run,1,England,6,India,2nd innings,1,on the pads and flicked through backward square leg,"Pandya to Roy, 1 run",0,625371,Hardik Pandya,0,12,0,2.0,13,430246,Yuzvendra Chahal,0,18,1,3.0,29,298438,Jason Roy,49,31,4,3,236489,Dawid Malan,12,11,2,0,6,True,0,0,0,0,0,11,8,0,False,,False,False,8.09,0,66,0,1,0,1,1,0,89
out,1,England,6,India,2nd innings,0,"pushed through straight, beats Roy's flick to leg - and <b>given!</b> Roy crinkles up his nose and reviews after a brief chat with his partner. Was he outside the line? If not, he looks a bit stuck here. Nitin Menon hasn't got much wrong on this tour, and <b>umpire's call</b> is the verdict from ball-tracking! Just in line, and going on to smash middle. So no half-century for Roy, though he's done a good job as far as England are concerned","Washington Sundar to Roy, OUT",0,719715,Washington Sundar,0,1,1,0.1,0,625371,Hardik Pandya,0,12,0,2.0,13,298438,Jason Roy,49,32,4,3,236489,Dawid Malan,12,11,2,0,1,False,0,0,0,0,0,12,3,1,True,leg before wicket,False,JJ Roy lbw b Washington Sundar 49 (52m 32b 4x4 3x6) SR: 153.12,7.97,0,67,0,2,0,1,1,0,89
no run,1,England,6,India,2nd innings,0,"flat outside off, 93kph and punched towards mid-off","Washington Sundar to Bairstow, no run",0,719715,Washington Sundar,0,2,1,0.2,0,625371,Hardik Pandya,0,12,0,2.0,13,297433,Jonny Bairstow,0,1,0,0,236489,Dawid Malan,12,11,2,0,2,False,0,0,0,0,0,12,3,1,False,,False,False,7.85,0,68,0,2,0,1,1,0,89
no run,1,England,6,India,2nd innings,0,"darted on off stump, 100kph and YJB can only tuck to short midwicket","Washington Sundar to Bairstow, no run",0,719715,Washington Sundar,0,3,1,0.3,0,625371,Hardik Pandya,0,12,0,2.0,13,297433,Jonny Bairstow,0,2,0,0,236489,Dawid Malan,12,11,2,0,3,False,0,0,0,0,0,12,3,1,False,,False,False,7.73,0,69,0,2,0,1,1,0,89
run,1,England,6,India,2nd innings,1,"flat non-turning offbreak, wide of the stumps and cut smartly to deep backward point","Washington Sundar to Bairstow, 1 run",0,719715,Washington Sundar,0,4,1,0.4,1,625371,Hardik Pandya,0,12,0,2.0,13,297433,Jonny Bairstow,1,3,0,0,236489,Dawid Malan,12,11,2,0,4,False,0,0,0,0,0,12,3,1,False,,False,False,7.71,0,70,0,2,0,1,1,0,90
run,1,England,6,India,2nd innings,1,"round the wicket, looped up on leg stump and Malan tucks it square","Washington Sundar to Malan, 1 run",0,719715,Washington Sundar,0,5,1,0.5,2,625371,Hardik Pandya,0,12,0,2.0,13,236489,Dawid Malan,13,12,2,0,297433,Jonny Bairstow,1,3,0,0,5,False,0,0,0,0,0,12,3,1,False,,False,False,7.69,0,71,0,2,0,1,1,0,91
run,1,England,6,India,2nd innings,1,"dobbed on off, flat and fizzed out at 102kph, punched to long-on for one more","Washington Sundar to Bairstow, 1 run",0,719715,Washington Sundar,0,6,1,1.0,3,625371,Hardik Pandya,0,12,0,2.0,13,297433,Jonny Bairstow,2,4,0,0,236489,Dawid Malan,13,12,2,0,6,True,0,0,0,0,0,12,3,1,False,,False,False,7.66,0,72,0,2,0,1,1,0,92
six,1,England,6,India,2nd innings,6,"<b>skips down and nails this over long-on!</b> YJB shakes a leg and then almost <i>flicks</i> this for six, just enough on it to clear the rope with Pandya hovering","Chahal to Bairstow, SIX runs",0,430246,Yuzvendra Chahal,0,19,1,3.1,35,719715,Washington Sundar,0,6,1,1.0,3,297433,Jonny Bairstow,8,5,0,1,236489,Dawid Malan,13,12,2,0,1,False,0,0,0,0,0,13,15,0,False,,False,False,8.05,0,73,0,2,0,1,1,0,98
run,1,England,6,India,2nd innings,1,"<b>did that carry?!</b> Full on leg stump, pumped leg side, <b>Dhawan dives but can't get his fingers under it!</b> Would have been a brilliant take, had he made it in","Chahal to Bairstow, 1 run",0,430246,Yuzvendra Chahal,0,20,1,3.2,36,719715,Washington Sundar,0,6,1,1.0,3,297433,Jonny Bairstow,9,6,0,1,236489,Dawid Malan,13,12,2,0,2,False,0,0,0,0,0,13,15,0,False,,False,False,8.02,0,74,0,2,0,1,1,0,99
no run,1,England,6,India,2nd innings,0,"tossed up very full, Malan attempts a pre-meditated paddle, comes off the cue end","Chahal to Malan, no run",0,430246,Yuzvendra Chahal,0,21,1,3.3,36,719715,Washington Sundar,0,6,1,1.0,3,236489,Dawid Malan,13,13,2,0,297433,Jonny Bairstow,9,6,0,1,3,False,0,0,0,0,0,13,15,0,False,,False,False,7.92,0,75,0,2,0,1,1,0,99
run,1,England,6,India,2nd innings,1,lobbed up and tapped down to long-off,"Chahal to Malan, 1 run",0,430246,Yuzvendra Chahal,0,22,1,3.4,37,719715,Washington Sundar,0,6,1,1.0,3,236489,Dawid Malan,14,14,2,0,297433,Jonny Bairstow,9,6,0,1,4,False,0,0,0,0,0,13,15,0,False,,False,False,7.89,0,76,0,2,0,1,1,0,100
six,1,England,6,India,2nd innings,6,"<b>smoked into the sight screen!</b> Full and wide and Bairstow decides this is in his slot, mullers it 86m back over the bowler's head","Chahal to Bairstow, SIX runs",0,430246,Yuzvendra Chahal,0,23,1,3.5,43,719715,Washington Sundar,0,6,1,1.0,3,297433,Jonny Bairstow,15,7,0,2,236489,Dawid Malan,14,14,2,0,5,False,0,0,0,0,0,13,15,0,False,,False,False,8.25,0,77,0,2,0,1,1,0,106
run,1,England,6,India,2nd innings,1,pushed through and tapped away off the back foot,"Chahal to Bairstow, 1 run",0,430246,Yuzvendra Chahal,0,24,1,4.0,44,719715,Washington Sundar,0,6,1,1.0,3,297433,Jonny Bairstow,16,8,0,2,236489,Dawid Malan,14,14,2,0,6,True,0,0,0,0,0,13,15,0,False,,False,False,8.23,0,78,0,2,0,1,1,0,107
four,1,England,6,India,2nd innings,4,"<b>smeared back through long-on!</b> More straight-<del>talking</del> biffing from the Yorkshireman, clattered to the rope","Washington Sundar to Bairstow, FOUR runs",0,719715,Washington Sundar,0,7,1,1.1,7,430246,Yuzvendra Chahal,0,24,1,4.0,44,297433,Jonny Bairstow,20,9,1,2,236489,Dawid Malan,14,14,2,0,1,False,0,0,0,0,0,14,7,0,False,,False,False,8.43,0,79,0,2,0,1,1,0,111
no run,1,England,6,India,2nd innings,0,"Sundar darts it in, can't get this away","Washington Sundar to Bairstow, no run",0,719715,Washington Sundar,0,8,1,1.2,7,430246,Yuzvendra Chahal,0,24,1,4.0,44,297433,Jonny Bairstow,20,10,1,2,236489,Dawid Malan,14,14,2,0,2,False,0,0,0,0,0,14,7,0,False,,False,False,8.32,0,80,0,2,0,1,1,0,111
run,1,England,6,India,2nd innings,1,walks out and jams the bat down for one to the bowler's left,"Washington Sundar to Bairstow, 1 run",0,719715,Washington Sundar,0,9,1,1.3,8,430246,Yuzvendra Chahal,0,24,1,4.0,44,297433,Jonny Bairstow,21,11,1,2,236489,Dawid Malan,14,14,2,0,3,False,0,0,0,0,0,14,7,0,False,,False,False,8.29,0,81,0,2,0,1,1,0,112
run,1,England,6,India,2nd innings,1,"round the wicket, dropped on a length and Malan strokes one through mid-off","Washington Sundar to Malan, 1 run",0,719715,Washington Sundar,0,10,1,1.4,9,430246,Yuzvendra Chahal,0,24,1,4.0,44,236489,Dawid Malan,15,15,2,0,297433,Jonny Bairstow,21,11,1,2,4,False,0,0,0,0,0,14,7,0,False,,False,False,8.26,0,82,0,2,0,1,1,0,113
run,1,England,6,India,2nd innings,1,"lobbed on the stumps, YJB tucks it calmly down the ground","Washington Sundar to Bairstow, 1 run",0,719715,Washington Sundar,0,11,1,1.5,10,430246,Yuzvendra Chahal,0,24,1,4.0,44,297433,Jonny Bairstow,22,12,1,2,236489,Dawid Malan,15,15,2,0,5,False,0,0,0,0,0,14,7,0,False,,False,False,8.24,0,83,0,2,0,1,1,0,114
no run,1,England,6,India,2nd innings,0,"<b>handbags!</b> Malan chipped the ball back to the on side, Sundar appeared to be annoyed at Bairstow getting in his way while trying to field - not sure if it was a catching chance, though Bairstow took a clip to the bonce - and then the chat begins! 'What? Where was I meant to go?!' seemed to be what YJB was saying. In steps the umpire, then Virat comes and gives Washi a cuddle","Washington Sundar to Malan, no run",0,719715,Washington Sundar,0,12,1,2.0,10,430246,Yuzvendra Chahal,0,24,1,4.0,44,236489,Dawid Malan,15,16,2,0,297433,Jonny Bairstow,22,12,1,2,6,True,0,0,0,0,0,14,7,0,False,,False,False,8.14,0,84,0,2,0,1,1,0,114
no run,1,England,6,India,2nd innings,0,"full and wide, Bairstow swings hard and thick-edges through to the keeper","Thakur to Bairstow, no run",0,475281,Shardul Thakur,0,7,0,1.1,8,719715,Washington Sundar,0,12,1,2.0,10,297433,Jonny Bairstow,22,13,1,2,236489,Dawid Malan,15,16,2,0,1,False,0,0,0,0,0,15,8,0,False,,False,False,8.04,0,85,0,2,0,1,1,0,114
run,1,England,6,India,2nd innings,1,gets this into a gap for one,"Thakur to Bairstow, 1 run",0,475281,Shardul Thakur,0,8,0,1.2,9,719715,Washington Sundar,0,12,1,2.0,10,297433,Jonny Bairstow,23,14,1,2,236489,Dawid Malan,15,16,2,0,2,False,0,0,0,0,0,15,8,0,False,,False,False,8.02,0,86,0,2,0,1,1,0,115
run,1,England,6,India,2nd innings,1,"shortish, chopped into the turf and Malan is looking the wrong way as Bairstow comes haring down... <b>direct hit from Shardul and he would have been gone!</b> Good awareness from the bowler, but Malan survives","Thakur to Malan, 1 run",0,475281,Shardul Thakur,0,9,0,1.3,10,719715,Washington Sundar,0,12,1,2.0,10,236489,Dawid Malan,16,17,2,0,297433,Jonny Bairstow,23,14,1,2,3,False,0,0,0,0,0,15,8,0,False,,False,False,8.0,0,87,0,2,0,1,1,0,116
run,1,England,6,India,2nd innings,1,"length outside off, swatted for one via an inside edge","Thakur to Bairstow, 1 run",0,475281,Shardul Thakur,0,10,0,1.4,11,719715,Washington Sundar,0,12,1,2.0,10,297433,Jonny Bairstow,24,15,1,2,236489,Dawid Malan,16,17,2,0,4,False,0,0,0,0,0,15,8,0,False,,False,False,7.97,0,88,0,2,0,1,1,0,117
wide,1,England,6,India,2nd innings,1,"bouncer, pace off, looping above head height through to Pant... called wide","Thakur to Malan, 1 wide",0,475281,Shardul Thakur,0,10,0,1.4,12,719715,Washington Sundar,0,12,1,2.0,10,236489,Dawid Malan,16,17,2,0,297433,Jonny Bairstow,24,15,1,2,5,False,0,0,1,0,0,15,8,0,False,,False,False,8.04,0,88,0,2,0,1,1,1,118
wide,1,England,6,India,2nd innings,2,"slings this one down the leg side, and they scamper through","Thakur to Malan, 2 wides",0,475281,Shardul Thakur,0,10,0,1.4,14,719715,Washington Sundar,0,12,1,2.0,10,236489,Dawid Malan,16,17,2,0,297433,Jonny Bairstow,24,15,1,2,6,False,0,0,2,0,0,15,8,0,False,,False,False,8.18,0,88,0,2,0,1,1,2,120
run,1,England,6,India,2nd innings,1,"full, 134kph wide of the stumps, Bairstow can only toe-end it for one into the covers","Thakur to Bairstow, 1 run",0,475281,Shardul Thakur,0,11,0,1.5,15,719715,Washington Sundar,0,12,1,2.0,10,297433,Jonny Bairstow,25,16,1,2,236489,Dawid Malan,16,17,2,0,7,False,0,0,0,0,0,15,8,0,False,,False,False,8.15,0,89,0,2,0,1,1,0,121
run,1,England,6,India,2nd innings,1,"on the stumps, Malan chips this idly into the leg side","Thakur to Malan, 1 run",0,475281,Shardul Thakur,0,12,0,2.0,16,719715,Washington Sundar,0,12,1,2.0,10,236489,Dawid Malan,17,18,2,0,297433,Jonny Bairstow,25,16,1,2,8,True,0,0,0,0,0,15,8,0,False,,False,False,8.13,0,90,0,2,0,1,1,0,122
run,1,England,6,India,2nd innings,1,"Sundar goes round the wicket, tossed up and tapped down to long-off coming forwards","Washington Sundar to Malan, 1 run",0,719715,Washington Sundar,0,13,1,2.1,11,475281,Shardul Thakur,0,12,0,2.0,16,236489,Dawid Malan,18,19,2,0,297433,Jonny Bairstow,25,16,1,2,1,False,0,0,0,0,0,16,8,0,False,,False,False,8.1,0,91,0,2,0,1,1,0,123
run,1,England,6,India,2nd innings,1,"darted on the stumps and Bairstow tucks it behind square, thinks about two... but won't be coming back","Washington Sundar to Bairstow, 1 run",0,719715,Washington Sundar,0,14,1,2.2,12,475281,Shardul Thakur,0,12,0,2.0,16,297433,Jonny Bairstow,26,17,1,2,236489,Dawid Malan,18,19,2,0,2,False,0,0,0,0,0,16,8,0,False,,False,False,8.08,0,92,0,2,0,1,1,0,124
six,1,England,6,India,2nd innings,6,That's it! <b>Malan muscles this flat over long-off to seal an eight-wicket win!</b> England have put their Test trials behind them and strolled into a 1-0 lead in the T20Is,"Washington Sundar to Malan, SIX runs",0,719715,Washington Sundar,0,15,1,2.3,18,475281,Shardul Thakur,0,12,0,2.0,16,236489,Dawid Malan,24,20,2,1,297433,Jonny Bairstow,26,17,1,2,3,False,0,0,0,0,0,16,8,0,False,,False,False,8.38,0,93,0,2,0,1,1,0,130
